{"stats":{"minecraft:crafted":{"minecraft:oak_planks":36,"minecraft:charcoal":5,"minecraft:stick":32,"minecraft:furnace":1,"minecraft:torch":20,"minecraft:stone_axe":1,"minecraft:air":0},"minecraft:custom":{"minecraft:time_since_rest":12922,"minecraft:interact_with_furnace":4,"minecraft:sprint_one_cm":8060,"minecraft:damage_taken":155,"minecraft:walk_one_cm":28964,"minecraft:damage_dealt":168,"minecraft:player_kills":1,"minecraft:interact_with_crafting_table":3,"minecraft:fly_one_cm":3292,"minecraft:crouch_one_cm":344,"minecraft:play_time":12922,"minecraft:walk_under_water_one_cm":3766,"minecraft:sneak_time":225,"minecraft:jump":117,"minecraft:leave_game":1,"minecraft:time_since_death":12922,"minecraft:walk_on_water_one_cm":4605,"minecraft:total_world_time":12922,"minecraft:fall_one_cm":896},"minecraft:picked_up":{"minecraft:raw_iron":2,"minecraft:stick":3,"minecraft:crafting_table":1,"minecraft:jungle_log":4,"minecraft:torch":1,"minecraft:oak_log":24,"minecraft:jungle_slab":2,"minecraft:dirt":12,"minecraft:raw_copper":4,"minecraft:stone_pickaxe":2,"minecraft:oak_sapling":2,"minecraft:coal":10,"minecraft:stone_hoe":1,"minecraft:cobblestone":102},"minecraft:mined":{"minecraft:podzol":2,"minecraft:iron_ore":2,"minecraft:jungle_leaves":1,"minecraft:crafting_table":1,"minecraft:short_grass":7,"minecraft:oak_log":24,"minecraft:vine":1,"minecraft:jungle_log":5,"minecraft:dirt":10,"minecraft:copper_ore":1,"minecraft:cobblestone":2,"minecraft:stone":101,"minecraft:oak_leaves":9,"minecraft:wall_torch":1,"minecraft:fern":4},"minecraft:used":{"minecraft:stone_pickaxe":112,"minecraft:stone_axe":32,"minecraft:torch":5,"minecraft:dirt":2,"minecraft:cobblestone":9,"minecraft:crafting_table":1,"minecraft:furnace":1}},"DataVersion":3955}