{"stats":{"minecraft:crafted":{"minecraft:oak_planks":28,"minecraft:birch_planks":16,"minecraft:crafting_table":1,"minecraft:stick":4,"minecraft:wooden_pickaxe":1,"minecraft:stone_pickaxe":1},"minecraft:used":{"minecraft:stone_axe":13,"minecraft:stone_sword":1,"minecraft:crafting_table":1,"minecraft:wooden_pickaxe":3},"minecraft:custom":{"minecraft:time_since_rest":13058,"minecraft:damage_taken":30,"minecraft:crouch_one_cm":234,"minecraft:play_time":13058,"minecraft:sprint_one_cm":19897,"minecraft:walk_one_cm":24131,"minecraft:sneak_time":90,"minecraft:drop":1,"minecraft:jump":78,"minecraft:damage_dealt":84,"minecraft:walk_on_water_one_cm":1551,"minecraft:leave_game":1,"minecraft:time_since_death":13058,"minecraft:total_world_time":13058,"minecraft:interact_with_crafting_table":3,"minecraft:fall_one_cm":1508,"minecraft:fly_one_cm":11859},"minecraft:mined":{"minecraft:grass_block":1,"minecraft:oak_log":7,"minecraft:birch_log":4,"minecraft:stone":3,"minecraft:birch_leaves":1,"minecraft:crafting_table":1},"minecraft:picked_up":{"minecraft:birch_log":4,"minecraft:crafting_table":1,"minecraft:stone_sword":1,"minecraft:stone_axe":1,"minecraft:oak_log":7,"minecraft:oak_planks":1,"minecraft:cobblestone":3},"minecraft:dropped":{"minecraft:wooden_pickaxe":1}},"DataVersion":3700}