{"stats":{"minecraft:crafted":{"minecraft:oak_planks":28,"minecraft:crafting_table":1,"minecraft:stick":4,"minecraft:wooden_pickaxe":1,"minecraft:cooked_chicken":7,"minecraft:stone_pickaxe":1,"minecraft:furnace":1,"minecraft:torch":16,"minecraft:birch_planks":16,"minecraft:air":0},"minecraft:used":{"minecraft:stone_sword":1,"minecraft:stone_pickaxe":26,"minecraft:oak_planks":7,"minecraft:wooden_pickaxe":3,"minecraft:cooked_chicken":6,"minecraft:stone_axe":43,"minecraft:crafting_table":1,"minecraft:furnace":1,"minecraft:egg":2},"minecraft:custom":{"minecraft:time_since_rest":25058,"minecraft:interact_with_furnace":18,"minecraft:sprint_one_cm":102033,"minecraft:damage_taken":300,"minecraft:walk_one_cm":50681,"minecraft:mob_kills":9,"minecraft:drop":2,"minecraft:damage_dealt":614,"minecraft:interact_with_crafting_table":5,"minecraft:fly_one_cm":49800,"minecraft:crouch_one_cm":260,"minecraft:play_time":25058,"minecraft:sneak_time":150,"minecraft:walk_under_water_one_cm":2038,"minecraft:jump":278,"minecraft:leave_game":1,"minecraft:time_since_death":25058,"minecraft:walk_on_water_one_cm":4625,"minecraft:total_world_time":25058,"minecraft:fall_one_cm":5106},"minecraft:killed":{"minecraft:sheep":1,"minecraft:zombie":1,"minecraft:chicken":7},"minecraft:mined":{"minecraft:birch_log":4,"minecraft:birch_leaves":1,"minecraft:crafting_table":1,"minecraft:short_grass":1,"minecraft:coal_ore":13,"minecraft:grass_block":2,"minecraft:oak_log":25,"minecraft:stone":16,"minecraft:oak_leaves":4},"minecraft:picked_up":{"minecraft:birch_log":4,"minecraft:stick":6,"minecraft:crafting_table":1,"minecraft:feather":3,"minecraft:chicken":7,"minecraft:birch_planks":5,"minecraft:oak_log":25,"minecraft:dirt":1,"minecraft:stone_sword":1,"minecraft:apple":1,"minecraft:stone_axe":1,"minecraft:oak_sapling":3,"minecraft:coal":13,"minecraft:mutton":2,"minecraft:oak_planks":1,"minecraft:white_wool":1,"minecraft:cobblestone":16,"minecraft:egg":2},"minecraft:dropped":{"minecraft:birch_planks":7,"minecraft:wooden_pickaxe":1}},"DataVersion":3700}