{"stats":{"minecraft:picked_up":{"last_of_us:noxioussack":5,"minecraft:ladder":2,"simplehats:hatbag_rare":1,"gravestone:obituary":2,"minecraft:cornflower":4,"minecraft:red_bed":3,"minecraft:oak_trapdoor":2,"minecraft:raw_copper":328,"create:limestone":4,"simplehats:tomato_splats":1,"minecraft:cobbled_deepslate":147,"minecraft:white_tulip":12,"minecraft:calcite":5,"minecraft:azalea":58,"minecraft:azalea_leaves":150,"minecraft:birch_sapling":16,"minecraft:stick":66,"minecraft:raw_iron":401,"last_of_us:rags":7,"minecraft:oak_door":1,"simplehats:hatbag_common":1,"minecraft:birch_trapdoor":2,"minecraft:torch":5,"minecraft:flowering_azalea_leaves":25,"simplehats:cowboyrgb":1,"minecraft:redstone":64,"last_of_us:rock":9,"irons_spellbooks:mana_ring":1,"minecraft:rotten_flesh":13,"minecraft:red_tulip":23,"create:asurine":15,"simplehats:chalk_stick":1,"minecraft:cobblestone":381,"minecraft:birch_log":52,"minecraft:birch_leaves":49,"minecraft:cooked_beef":128,"minecraft:andesite":46,"minecraft:birch_planks":3,"minecraft:tuff":6,"create:raw_zinc":7,"minecraft:oak_log":159,"minecraft:gunpowder":16,"minecraft:dirt":958,"simplehats:eyeholder_warm":1,"simplehats:drinkinhat":1,"simplehats:hatbag_epic":3,"apocalypsenow:human_flesh":11,"minecraft:wheat_seeds":1,"minecraft:orange_tulip":10,"minecraft:raw_gold":64,"simplehats:hatbag_uncommon":1,"tacz:gun_smith_table":2,"minecraft:flowering_azalea":15,"minecraft:oak_planks":15,"simplehats:twilight_doll":1,"minecraft:dandelion":5,"minecraft:gravel":1,"minecraft:birch_fence_gate":1,"minecraft:fermented_spider_eye":15,"minecraft:lily_of_the_valley":12,"last_of_us:noxioustree":18,"create:crimsite":15,"minecraft:diamond":20,"minecraft:grass":2,"simplehats:dangeresquejuly":1,"minecraft:coal":198},"minecraft:crafted":{"minecraft:oak_planks":452,"minecraft:iron_nugget":45,"irons_spellbooks:graybeard_staff":1,"toughasnails:leaf_leggings":1,"minecraft:oak_trapdoor":42,"minecraft:ladder":24,"minecraft:birch_fence_gate":3,"minecraft:chest":10,"toughasnails:leaf_helmet":2,"minecraft:oak_fence":21,"toughasnails:leaf_boots":1,"minecraft:wooden_shovel":1,"minecraft:crafting_table":3,"toughasnails:leaf_chestplate":1,"irons_spellbooks:furled_map":1,"minecraft:birch_planks":208,"minecraft:oak_fence_gate":8,"minecraft:potion":1,"minecraft:stick":76,"minecraft:iron_pickaxe":1,"minecraft:birch_trapdoor":10,"minecraft:iron_shovel":4,"minecraft:torch":8,"apocalypsenow:spikes":13,"apocalypsenow:lettuce":9,"minecraft:shears":1},"minecraft:used":{"irons_spellbooks:inscription_table":1,"minecraft:oak_trapdoor":39,"minecraft:oak_fence":50,"minecraft:iron_shovel":966,"minecraft:ladder":30,"minecraft:chest":14,"tacz:gun_smith_table":3,"minecraft:rotten_flesh":2,"minecraft:torch":34,"minecraft:dirt":28,"minecraft:oak_fence_gate":17,"apocalypsenow:spikes":163,"minecraft:lava_bucket":1,"minecraft:iron_axe":255,"minecraft:birch_trapdoor":46,"minecraft:furnace":35,"minecraft:water_bucket":1,"minecraft:birch_planks":39,"minecraft:oak_planks":304,"minecraft:crafting_table":7,"minecraft:red_bed":7,"minecraft:shears":237,"minecraft:oak_log":161,"minecraft:diamond_pickaxe":310,"minecraft:birch_fence_gate":5,"weather2:anemometer":2,"minecraft:iron_pickaxe":465,"minecraft:cobblestone":78,"toughasnails:purified_water_bottle":1,"minecraft:glass_pane":156},"minecraft:mined":{"create:deepslate_zinc_ore":7,"minecraft:tuff":9,"minecraft:deepslate_diamond_ore":20,"gravestone:gravestone":20,"minecraft:ladder":2,"minecraft:grass_block":607,"tacz:gun_smith_table":2,"minecraft:oak_trapdoor":2,"minecraft:iron_ore":8,"minecraft:andesite":51,"create:asurine":13,"minecraft:red_tulip":2,"minecraft:deepslate_iron_ore":9,"minecraft:flowering_azalea_leaves":27,"minecraft:dirt_path":2,"minecraft:azalea_leaves":160,"minecraft:stone":390,"create:limestone":4,"minecraft:red_bed":3,"minecraft:lily_of_the_valley":1,"minecraft:dandelion":1,"minecraft:calcite":7,"last_of_us:noxioussack":7,"minecraft:copper_ore":8,"minecraft:cobblestone":13,"minecraft:oak_planks":15,"minecraft:wall_torch":1,"minecraft:birch_planks":3,"minecraft:birch_log":52,"minecraft:birch_trapdoor":2,"minecraft:birch_leaves":50,"minecraft:orange_tulip":2,"minecraft:grass":6,"minecraft:oak_log":163,"minecraft:coal_ore":70,"minecraft:dirt":350,"create:crimsite":15,"minecraft:deepslate":149},"minecraft:broken":{"toughasnails:leaf_leggings":1,"minecraft:iron_shovel":3,"toughasnails:leaf_boots":1,"toughasnails:leaf_chestplate":1,"minecraft:shears":1,"minecraft:iron_pickaxe":1,"toughasnails:leaf_helmet":2},"minecraft:custom":{"minecraft:mob_kills":169,"minecraft:interact_with_crafting_table":33,"minecraft:open_barrel":5,"minecraft:leave_game":3,"minecraft:time_since_death":3310,"minecraft:climb_one_cm":26529,"minecraft:sprint_one_cm":165887,"minecraft:walk_one_cm":555386,"minecraft:drop":32,"minecraft:talked_to_villager":2,"minecraft:play_time":242262,"minecraft:deaths":33,"minecraft:sneak_time":4441,"minecraft:walk_under_water_one_cm":6210,"minecraft:jump":932,"minecraft:walk_on_water_one_cm":14004,"minecraft:total_world_time":242262,"minecraft:interact_with_furnace":2,"minecraft:traded_with_villager":11,"minecraft:sleep_in_bed":8,"minecraft:time_since_rest":3344,"minecraft:damage_taken":14774,"minecraft:damage_dealt":219,"minecraft:swim_one_cm":13965,"minecraft:fly_one_cm":896998,"minecraft:open_chest":23,"minecraft:crouch_one_cm":4979,"minecraft:interact_with_smoker":2,"minecraft:fall_one_cm":98097},"minecraft:killed":{"last_of_us:bloater":30,"last_of_us:runner":25,"apocalypsenow:looter_1":1,"minecraft:spider":5,"last_of_us:clicker":30,"last_of_us:rat_king":1,"last_of_us:shambler":32,"last_of_us:crawler":9,"minecraft:creeper":12,"last_of_us:stalker":16,"apocalypsenow:walker_16":1,"apocalypsenow:looter_5":1},"minecraft:dropped":{"minecraft:cooked_beef":128,"minecraft:coal":128,"minecraft:torch":1,"minecraft:cornflower":1,"gravestone:obituary":8,"minecraft:redstone":64,"minecraft:raw_copper":384,"minecraft:raw_iron":384,"minecraft:rotten_flesh":1,"minecraft:birch_fence_gate":1,"simplehats:chalk_stick":1,"irons_spellbooks:mana_ring":1,"minecraft:raw_gold":64},"minecraft:killed_by":{"minecraft:creeper":1,"apocalypsenow:looter_5":1,"last_of_us:runner":5,"last_of_us:clicker":6,"last_of_us:stalker":4}},"DataVersion":3465}