{"stats":{"minecraft:used":{"tacz:gun_smith_table":1,"minecraft:spruce_planks":19,"minecraft:chest":4,"minecraft:torch":55,"minecraft:dirt":3,"minecraft:cyan_terracotta":3,"minecraft:furnace":4,"minecraft:cooked_beef":2,"ad_astra:coal_generator":1,"minecraft:light_gray_bed":1,"minecraft:water_bucket":6,"apocalypsenow:ontario_sp_8":53,"minecraft:stone_pickaxe":90,"minecraft:wooden_pickaxe":6,"minecraft:crafting_table":5,"minecraft:red_bed":3,"minecraft:blast_furnace":2,"minecraft:campfire":1,"minecraft:smoker":2,"minecraft:spruce_log":3,"minecraft:iron_pickaxe":656,"minecraft:spruce_sapling":9,"minecraft:stone_axe":93,"minecraft:cobblestone":133,"minecraft:bucket":7,"alexsmobs:animal_dictionary":1},"minecraft:custom":{"minecraft:mob_kills":17,"minecraft:interact_with_crafting_table":28,"minecraft:open_barrel":13,"minecraft:bell_ring":2,"minecraft:leave_game":2,"minecraft:time_since_death":24765,"minecraft:climb_one_cm":3504,"minecraft:sprint_one_cm":255474,"minecraft:walk_one_cm":307313,"minecraft:drop":32,"minecraft:play_time":139599,"minecraft:deaths":10,"minecraft:sneak_time":601,"minecraft:walk_under_water_one_cm":46715,"minecraft:jump":1563,"minecraft:interact_with_blast_furnace":3,"minecraft:walk_on_water_one_cm":37516,"minecraft:total_world_time":139599,"minecraft:interact_with_furnace":22,"minecraft:sleep_in_bed":3,"minecraft:time_since_rest":24797,"minecraft:damage_taken":4663,"minecraft:damage_dealt":2368,"minecraft:swim_one_cm":95821,"minecraft:fly_one_cm":265703,"minecraft:open_chest":60,"minecraft:crouch_one_cm":2357,"minecraft:interact_with_smoker":4,"minecraft:fall_one_cm":38256},"minecraft:dropped":{"minecraft:iron_ingot":4,"iceandfire:raw_silver":2,"minecraft:wheat_seeds":1,"minecraft:yellow_concrete":4,"minecraft:cobblestone":5,"last_of_us:noxioustree":12,"minecraft:leather":6,"minecraft:flint":3,"minecraft:dirt":4,"minecraft:potion":1,"gravestone:obituary":10,"minecraft:sand":4,"minecraft:string":2,"ad_astra:coal_generator":1,"minecraft:gravel":1,"last_of_us:noxioussack":1,"minecraft:leather_leggings":1,"apocalypsenow:red_football_armor_chestplate":1,"minecraft:wooden_pickaxe":1,"minecraft:beef":13},"minecraft:killed":{"last_of_us:runner":1,"alexsmobs:seagull":1,"last_of_us:clicker":1,"last_of_us:stalker":2,"minecraft:glow_squid":2,"minecraft:cow":9},"minecraft:picked_up":{"last_of_us:noxioussack":1,"minecraft:charcoal":2,"minecraft:crafting_table":2,"minecraft:potion":1,"gravestone:obituary":1,"minecraft:string":10,"minecraft:red_bed":3,"minecraft:raw_copper":138,"simplehats:bicorne":1,"minecraft:cobbled_deepslate":1,"minecraft:beef":27,"minecraft:sugar_cane":3,"minecraft:chest":2,"minecraft:spruce_trapdoor":1,"minecraft:furnace":2,"minecraft:stick":9,"minecraft:raw_iron":81,"minecraft:torch":26,"minecraft:light_gray_bed":1,"minecraft:cyan_terracotta":4,"minecraft:snowball":4,"minecraft:cobblestone":461,"minecraft:feather":1,"minecraft:glow_ink_sac":2,"minecraft:leather":12,"minecraft:smoker":12,"minecraft:flint":4,"create:raw_zinc":16,"minecraft:oak_log":26,"ad_astra:coal_generator":1,"minecraft:gray_concrete":1,"minecraft:lapis_lazuli":37,"minecraft:dirt":17,"minecraft:apple":1,"minecraft:wheat_seeds":2,"apocalypsenow:human_flesh":4,"minecraft:raw_gold":4,"minecraft:iron_ingot":4,"minecraft:yellow_concrete":4,"minecraft:gravel":14,"minecraft:sand":9,"minecraft:stripped_spruce_log":3,"minecraft:spruce_sapling":9,"minecraft:blast_furnace":1,"minecraft:spruce_log":48,"last_of_us:noxioustree":12,"tacz:modern_kinetic_gun":1,"minecraft:white_concrete":1,"minecraft:oak_sapling":13,"minecraft:netherrack":1,"minecraft:coal":70,"iceandfire:raw_silver":13},"minecraft:killed_by":{"minecraft:creeper":1,"last_of_us:runner":1,"last_of_us:clicker":7},"minecraft:crafted":{"minecraft:smooth_stone":4,"minecraft:oak_planks":28,"minecraft:furnace":5,"minecraft:blast_furnace":1,"minecraft:stone":4,"minecraft:stone_pickaxe":1,"minecraft:chest":4,"minecraft:coal_block":2,"minecraft:crafting_table":3,"minecraft:spruce_planks":64,"minecraft:wooden_pickaxe":1,"tacz:gun_smith_table":1,"minecraft:copper_ingot":56,"minecraft:bucket":1,"minecraft:campfire":1,"minecraft:stone_axe":1,"minecraft:charcoal":1,"minecraft:shield":1,"minecraft:stick":12,"minecraft:iron_ingot":58,"minecraft:iron_pickaxe":3,"minecraft:iron_block":1,"minecraft:stone_sword":1,"ad_astra:coal_generator":1,"minecraft:torch":36},"minecraft:mined":{"create:zinc_ore":16,"iceandfire:silver_ore":11,"minecraft:spruce_trapdoor":1,"gravestone:gravestone":9,"minecraft:grass_block":4,"minecraft:light_gray_bed":1,"minecraft:white_concrete":1,"minecraft:spruce_leaves":1,"minecraft:furnace":2,"minecraft:iron_ore":66,"minecraft:fire":1,"minecraft:stripped_spruce_log":3,"minecraft:deepslate_iron_ore":2,"minecraft:dirt_path":1,"minecraft:stone":469,"minecraft:gray_concrete":1,"minecraft:glass_pane":3,"minecraft:red_bed":4,"minecraft:cyan_terracotta":4,"minecraft:smoker":12,"minecraft:basalt":2,"minecraft:crafting_table":3,"minecraft:torch":14,"minecraft:blast_furnace":1,"minecraft:chest":2,"minecraft:campfire":1,"minecraft:copper_ore":39,"minecraft:tall_grass":2,"minecraft:cobblestone":12,"minecraft:lapis_ore":5,"minecraft:sugar_cane":1,"minecraft:wall_torch":10,"minecraft:ice":2,"minecraft:spruce_log":51,"minecraft:grass":14,"minecraft:oak_log":26,"minecraft:coal_ore":69,"ad_astra:coal_generator":1,"minecraft:yellow_concrete":4,"minecraft:gravel":14,"minecraft:sand":6,"minecraft:dirt":9,"minecraft:cobweb":9,"minecraft:netherrack":1,"minecraft:gold_ore":4,"minecraft:deepslate":1,"minecraft:fern":1},"minecraft:broken":{"minecraft:iron_pickaxe":2}},"DataVersion":3465}