{"stats":{"minecraft:dropped":{"minecraft:glow_ink_sac":4,"minecraft:cobbled_deepslate":5,"minecraft:feather":2,"minecraft:cobblestone":6,"minecraft:rotten_flesh":1,"minecraft:dirt":2,"minecraft:wooden_axe":1,"minecraft:stone_pickaxe":1},"minecraft:used":{"minecraft:cooked_mutton":3,"minecraft:stone_pickaxe":24,"minecraft:wooden_pickaxe":22,"minecraft:cooked_chicken":2,"minecraft:iron_chestplate":1,"minecraft:oak_door":1,"minecraft:dirt":4,"minecraft:crafting_table":5,"minecraft:tuff":1,"minecraft:granite":1,"minecraft:wooden_axe":12,"minecraft:diamond_pickaxe":8,"minecraft:iron_pickaxe":85,"minecraft:iron_helmet":1,"minecraft:stone_axe":12,"minecraft:cobblestone":31,"minecraft:furnace":2,"minecraft:cooked_porkchop":5,"minecraft:cobbled_deepslate":14},"minecraft:mined":{"minecraft:tuff":1,"minecraft:deepslate_diamond_ore":15,"minecraft:crafting_table":5,"minecraft:glow_lichen":1,"minecraft:granite":2,"minecraft:grass_block":3,"minecraft:tall_grass":1,"minecraft:cobblestone":1,"minecraft:deepslate_gold_ore":13,"minecraft:furnace":2,"minecraft:iron_ore":2,"minecraft:coal_ore":15,"minecraft:oak_log":6,"minecraft:deepslate_iron_ore":17,"minecraft:dirt":3,"minecraft:stone":37,"minecraft:deepslate":32},"minecraft:custom":{"minecraft:interact_with_furnace":32,"minecraft:mob_kills":10,"minecraft:interact_with_crafting_table":19,"minecraft:leave_game":1,"minecraft:time_since_death":25524,"minecraft:time_since_rest":25524,"minecraft:sprint_one_cm":92369,"minecraft:damage_taken":719,"minecraft:walk_one_cm":39468,"minecraft:drop":13,"minecraft:damage_dealt":1167,"minecraft:swim_one_cm":2834,"minecraft:fly_one_cm":88554,"minecraft:crouch_one_cm":9674,"minecraft:play_time":25524,"minecraft:sneak_time":2906,"minecraft:walk_under_water_one_cm":2868,"minecraft:jump":567,"minecraft:walk_on_water_one_cm":2605,"minecraft:total_world_time":25524,"minecraft:fall_one_cm":17429},"minecraft:picked_up":{"minecraft:wooden_axe":1,"minecraft:crafting_table":5,"minecraft:feather":2,"minecraft:chicken":2,"minecraft:glow_ink_sac":4,"minecraft:tuff":1,"minecraft:oak_log":6,"minecraft:dirt":6,"minecraft:cobbled_deepslate":32,"minecraft:raw_gold":13,"minecraft:iron_ingot":1,"minecraft:furnace":3,"minecraft:stick":2,"minecraft:raw_iron":19,"minecraft:porkchop":6,"minecraft:rotten_flesh":1,"minecraft:diamond":15,"minecraft:granite":1,"minecraft:mutton":3,"minecraft:coal":22,"minecraft:white_wool":2,"minecraft:cobblestone":43},"minecraft:crafted":{"minecraft:oak_door":3,"minecraft:oak_planks":24,"minecraft:cooked_porkchop":6,"minecraft:crafting_table":1,"minecraft:iron_helmet":1,"minecraft:wooden_pickaxe":1,"minecraft:cooked_chicken":2,"minecraft:stone_axe":1,"minecraft:cooked_mutton":3,"minecraft:air":0,"minecraft:iron_chestplate":1,"minecraft:diamond_pickaxe":1,"minecraft:stick":12,"minecraft:iron_ingot":16,"minecraft:iron_pickaxe":1,"minecraft:stone_pickaxe":1,"minecraft:wooden_axe":1,"minecraft:gold_ingot":9},"minecraft:killed":{"minecraft:pig":2,"minecraft:skeleton":1,"minecraft:sheep":2,"minecraft:zombie":2,"minecraft:chicken":2}},"DataVersion":3955}