{"stats":{"minecraft:dropped":{"minecraft:dirt":2,"minecraft:cobbled_deepslate":5,"minecraft:wooden_axe":1,"minecraft:feather":2,"minecraft:cobblestone":6,"minecraft:stone_pickaxe":1},"minecraft:used":{"minecraft:wooden_axe":12,"minecraft:stone_pickaxe":24,"minecraft:iron_pickaxe":32,"minecraft:wooden_pickaxe":22,"minecraft:cooked_chicken":2,"minecraft:stone_axe":3,"minecraft:oak_door":1,"minecraft:dirt":4,"minecraft:cobblestone":27,"minecraft:crafting_table":4,"minecraft:furnace":2,"minecraft:granite":1},"minecraft:mined":{"minecraft:furnace":1,"minecraft:iron_ore":2,"minecraft:crafting_table":3,"minecraft:granite":2,"minecraft:grass_block":3,"minecraft:oak_log":6,"minecraft:coal_ore":15,"minecraft:deepslate_iron_ore":9,"minecraft:dirt":3,"minecraft:tall_grass":1,"minecraft:cobblestone":1,"minecraft:deepslate_gold_ore":5,"minecraft:stone":37,"minecraft:deepslate":5},"minecraft:custom":{"minecraft:time_since_rest":13524,"minecraft:interact_with_furnace":17,"minecraft:sprint_one_cm":25151,"minecraft:damage_taken":150,"minecraft:walk_one_cm":15766,"minecraft:mob_kills":7,"minecraft:drop":8,"minecraft:damage_dealt":627,"minecraft:swim_one_cm":2834,"minecraft:interact_with_crafting_table":13,"minecraft:fly_one_cm":33368,"minecraft:crouch_one_cm":7172,"minecraft:play_time":13524,"minecraft:sneak_time":2101,"minecraft:walk_under_water_one_cm":2868,"minecraft:jump":205,"minecraft:leave_game":1,"minecraft:time_since_death":13524,"minecraft:walk_on_water_one_cm":901,"minecraft:total_world_time":13524,"minecraft:fall_one_cm":7716},"minecraft:picked_up":{"minecraft:wooden_axe":1,"minecraft:stick":2,"minecraft:crafting_table":3,"minecraft:raw_iron":11,"minecraft:feather":2,"minecraft:chicken":2,"minecraft:porkchop":6,"minecraft:oak_log":6,"minecraft:dirt":6,"minecraft:cobbled_deepslate":5,"minecraft:raw_gold":5,"minecraft:granite":1,"minecraft:iron_ingot":1,"minecraft:mutton":3,"minecraft:coal":14,"minecraft:white_wool":2,"minecraft:cobblestone":43,"minecraft:furnace":2},"minecraft:crafted":{"minecraft:oak_door":3,"minecraft:oak_planks":24,"minecraft:cooked_porkchop":6,"minecraft:crafting_table":1,"minecraft:stick":12,"minecraft:cooked_chicken":2,"minecraft:wooden_pickaxe":1,"minecraft:iron_ingot":2,"minecraft:iron_pickaxe":1,"minecraft:stone_pickaxe":1,"minecraft:wooden_axe":1,"minecraft:stone_axe":1,"minecraft:air":0,"minecraft:cooked_mutton":3},"minecraft:killed":{"minecraft:sheep":2,"minecraft:zombie":1,"minecraft:pig":2,"minecraft:chicken":2}},"DataVersion":3955}