{"stats":{"minecraft:used":{"minecraft:wooden_axe":5,"minecraft:crafting_table":1},"minecraft:mined":{"minecraft:oak_log":6,"minecraft:crafting_table":1},"minecraft:custom":{"minecraft:time_since_rest":1880,"minecraft:play_time":1880,"minecraft:sprint_one_cm":5536,"minecraft:damage_taken":20,"minecraft:walk_one_cm":1842,"minecraft:sneak_time":11,"minecraft:mob_kills":3,"minecraft:jump":42,"minecraft:damage_dealt":220,"minecraft:time_since_death":1880,"minecraft:total_world_time":1880,"minecraft:fall_one_cm":1511,"minecraft:interact_with_crafting_table":1,"minecraft:fly_one_cm":7682},"minecraft:picked_up":{"minecraft:crafting_table":1,"minecraft:chicken":1,"minecraft:porkchop":3,"minecraft:oak_log":6,"minecraft:mutton":2,"minecraft:white_wool":1},"minecraft:crafted":{"minecraft:oak_planks":24,"minecraft:crafting_table":1,"minecraft:stick":4,"minecraft:wooden_pickaxe":1,"minecraft:wooden_axe":1},"minecraft:killed":{"minecraft:sheep":1,"minecraft:pig":1,"minecraft:chicken":1}},"DataVersion":3955}