{"stats":{"minecraft:custom":{"minecraft:time_since_rest":3314,"minecraft:crouch_one_cm":110,"minecraft:play_time":3314,"minecraft:sprint_one_cm":2818,"minecraft:damage_taken":20,"minecraft:walk_one_cm":4472,"minecraft:sneak_time":141,"minecraft:walk_under_water_one_cm":368,"minecraft:jump":10,"minecraft:damage_dealt":26,"minecraft:time_since_death":3314,"minecraft:walk_on_water_one_cm":529,"minecraft:total_world_time":3314,"minecraft:swim_one_cm":1126,"minecraft:interact_with_crafting_table":1,"minecraft:fall_one_cm":484,"minecraft:fly_one_cm":1648},"minecraft:crafted":{"minecraft:dark_oak_planks":20,"minecraft:crafting_table":1,"minecraft:stick":4,"minecraft:wooden_pickaxe":1,"minecraft:wooden_axe":1},"minecraft:mined":{"minecraft:grass_block":1,"minecraft:coal_ore":3,"minecraft:stone":7,"minecraft:dark_oak_log":7,"minecraft:crafting_table":1},"minecraft:used":{"minecraft:dark_oak_planks":1,"minecraft:wooden_axe":1,"minecraft:dirt":1,"minecraft:crafting_table":1,"minecraft:wooden_pickaxe":10},"minecraft:picked_up":{"minecraft:crafting_table":1,"minecraft:coal":3,"minecraft:dark_oak_log":8,"minecraft:dirt":1,"minecraft:cobblestone":6}},"DataVersion":3953}