{"stats":{"minecraft:custom":{"minecraft:time_since_rest":7512,"minecraft:crouch_one_cm":159,"minecraft:play_time":7512,"minecraft:interact_with_furnace":1,"minecraft:sprint_one_cm":8695,"minecraft:damage_taken":153,"minecraft:walk_one_cm":37603,"minecraft:sneak_time":76,"minecraft:walk_under_water_one_cm":2517,"minecraft:drop":2,"minecraft:jump":143,"minecraft:damage_dealt":30,"minecraft:leave_game":1,"minecraft:time_since_death":7512,"minecraft:walk_on_water_one_cm":7320,"minecraft:total_world_time":7512,"minecraft:climb_one_cm":1619,"minecraft:swim_one_cm":3696,"minecraft:fall_one_cm":2308,"minecraft:fly_one_cm":6370},"minecraft:mined":{"minecraft:mud":1},"minecraft:picked_up":{"minecraft:apple":2,"minecraft:wheat_seeds":1,"minecraft:wooden_pickaxe":1,"minecraft:gunpowder":1},"minecraft:dropped":{"minecraft:gunpowder":1,"minecraft:wheat_seeds":1},"minecraft:used":{"minecraft:apple":2}},"DataVersion":3955}