{"stats":{"minecraft:custom":{"minecraft:mob_kills":27,"minecraft:interact_with_crafting_table":39,"minecraft:open_barrel":14,"minecraft:leave_game":3,"minecraft:time_since_death":75673,"minecraft:climb_one_cm":38263,"minecraft:sprint_one_cm":215231,"minecraft:walk_one_cm":349776,"minecraft:drop":27,"minecraft:play_time":151140,"minecraft:deaths":8,"minecraft:sneak_time":14914,"minecraft:walk_under_water_one_cm":92913,"minecraft:jump":5628,"minecraft:walk_on_water_one_cm":66415,"minecraft:total_world_time":151140,"minecraft:interact_with_furnace":36,"minecraft:sleep_in_bed":3,"minecraft:time_since_rest":23943,"minecraft:damage_taken":2771,"minecraft:damage_dealt":3442,"minecraft:player_kills":1,"minecraft:swim_one_cm":104013,"minecraft:fly_one_cm":253398,"minecraft:open_chest":98,"minecraft:crouch_one_cm":39815,"minecraft:fall_one_cm":42505},"minecraft:used":{"minecraft:oak_trapdoor":1,"minecraft:oak_fence":62,"minecraft:ladder":20,"minecraft:oak_sign":1,"tacz:gun_smith_table":2,"minecraft:chest":10,"minecraft:spruce_planks":2,"minecraft:iron_sword":66,"minecraft:torch":28,"minecraft:dirt":2,"minecraft:tuff":3,"minecraft:wooden_axe":193,"minecraft:flowering_azalea":1,"minecraft:iron_helmet":2,"minecraft:furnace":4,"apocalypsenow:matches":1,"minecraft:cobblestone_stairs":41,"minecraft:stone_pickaxe":212,"minecraft:oak_planks":443,"minecraft:wooden_pickaxe":3,"minecraft:green_bed":2,"minecraft:sand":3,"minecraft:oak_slab":92,"minecraft:crafting_table":7,"minecraft:deepslate_brick_stairs":1,"apocalypsenow:guitar":7,"minecraft:oak_log":2,"minecraft:iron_pickaxe":469,"minecraft:cyan_carpet":1,"minecraft:gravel":5,"minecraft:stone_axe":139,"minecraft:cobblestone":35,"minecraft:andesite":8,"minecraft:oak_boat":1},"minecraft:dropped":{"apocalypsenow:human_flesh":2,"minecraft:wheat_seeds":3,"apocalypsenow:cigarettes":1,"last_of_us:noxioustree":9,"minecraft:cobblestone_stairs":1,"minecraft:cyan_terracotta":4,"minecraft:wooden_axe":1,"gravestone:obituary":8,"minecraft:sand":3,"minecraft:iron_pickaxe":1,"minecraft:stone_axe":1,"alexsmobs:animal_dictionary":1,"minecraft:light_gray_concrete":10,"apocalypsenow:toothbrush":1,"minecraft:stone_bricks":1,"minecraft:sandstone":5,"minecraft:scaffolding":1},"minecraft:killed":{"alexsmobs:lobster":7,"alexsmobs:seagull":1,"minecraft:horse":1,"minecraft:chicken":1,"last_of_us:clicker":8,"minecraft:pig":1,"minecraft:squid":2,"last_of_us:stalker":6},"minecraft:picked_up":{"minecraft:crafting_table":2,"minecraft:chicken":1,"minecraft:enchanted_book":1,"minecraft:string":1,"minecraft:raw_copper":303,"minecraft:flint_and_steel":1,"minecraft:smooth_stone_slab":3,"tacz:ammo":120,"minecraft:iron_shovel":2,"apocalypsenow:cigarettes":1,"minecraft:cyan_carpet":1,"minecraft:beetroot":15,"minecraft:cobbled_deepslate":42,"minecraft:spruce_planks":39,"minecraft:azalea":61,"minecraft:iron_pickaxe":1,"minecraft:chest":6,"minecraft:sugar_cane":20,"minecraft:stick":74,"minecraft:raw_iron":159,"minecraft:sandstone":5,"minecraft:oak_fence":5,"minecraft:torch":10,"minecraft:green_bed":2,"minecraft:porkchop":3,"tacz:attachment":1,"minecraft:redstone":70,"minecraft:beetroot_seeds":25,"minecraft:cyan_terracotta":4,"minecraft:pink_tulip":1,"minecraft:bookshelf":2,"minecraft:deepslate_brick_stairs":1,"minecraft:glow_berries":8,"minecraft:cobblestone":372,"minecraft:feather":3,"minecraft:glow_ink_sac":1,"minecraft:andesite":10,"minecraft:leather":2,"minecraft:flint":3,"minecraft:tuff":5,"create:raw_zinc":5,"minecraft:oak_log":278,"minecraft:cobblestone_stairs":2,"minecraft:lapis_lazuli":35,"minecraft:dirt":28,"minecraft:apple":1,"minecraft:stone_bricks":1,"minecraft:large_amethyst_bud":4,"apocalypsenow:human_flesh":5,"minecraft:wheat_seeds":3,"minecraft:raw_gold":50,"apocalypsenow:heavy_machete":1,"minecraft:iron_ingot":20,"minecraft:flowering_azalea":12,"minecraft:oak_planks":59,"minecraft:book":66,"apocalypsenow:grape_juice":1,"minecraft:scaffolding":1,"minecraft:oak_slab":3,"minecraft:dandelion":3,"minecraft:gravel":14,"minecraft:sand":9,"minecraft:spruce_sapling":1,"minecraft:spruce_log":6,"last_of_us:noxioustree":9,"minecraft:light_gray_concrete":10,"minecraft:diamond":46,"tacz:modern_kinetic_gun":2,"minecraft:oak_sapling":16,"minecraft:coal":41,"iceandfire:raw_silver":1},"minecraft:killed_by":{"minecraft:spider":1,"last_of_us:runner":1,"last_of_us:clicker":3,"last_of_us:stalker":1},"minecraft:crafted":{"minecraft:oak_planks":676,"minecraft:oak_sign":3,"minecraft:furnace":4,"minecraft:cobblestone_stairs":72,"minecraft:oak_trapdoor":2,"minecraft:glass":3,"minecraft:ladder":21,"minecraft:stone_pickaxe":2,"minecraft:chest":4,"minecraft:oak_fence":63,"minecraft:oak_slab":96,"minecraft:crafting_table":5,"minecraft:spruce_planks":24,"minecraft:wooden_pickaxe":1,"tacz:gun_smith_table":1,"minecraft:copper_ingot":59,"minecraft:stone_axe":1,"minecraft:air":0,"minecraft:oak_boat":1,"minecraft:charcoal":8,"minecraft:stick":60,"minecraft:gunpowder":6,"minecraft:iron_ingot":79,"minecraft:iron_pickaxe":3,"minecraft:wooden_axe":3,"minecraft:iron_block":1,"minecraft:torch":20},"minecraft:mined":{"create:zinc_ore":5,"minecraft:tuff":4,"iceandfire:silver_ore":1,"minecraft:deepslate_diamond_ore":22,"minecraft:cobblestone_stairs":1,"gravestone:gravestone":8,"minecraft:grass_block":3,"minecraft:sandstone":5,"minecraft:spawner":1,"minecraft:iron_ore":58,"minecraft:andesite":10,"minecraft:bookshelf":16,"minecraft:deepslate_iron_ore":14,"minecraft:light_gray_concrete":9,"minecraft:deepslate_brick_stairs":1,"minecraft:pink_tulip":1,"minecraft:stone":372,"minecraft:green_bed":2,"minecraft:deepslate_redstone_ore":8,"minecraft:oak_slab":3,"minecraft:scaffolding":1,"minecraft:cyan_terracotta":4,"minecraft:oak_fence":2,"minecraft:crafting_table":2,"minecraft:torch":6,"minecraft:chest":6,"minecraft:tall_grass":8,"minecraft:copper_ore":43,"minecraft:cobblestone":3,"minecraft:lapis_ore":3,"minecraft:deepslate_gold_ore":19,"minecraft:sugar_cane":5,"minecraft:oak_planks":19,"minecraft:wall_torch":2,"minecraft:seagrass":1,"minecraft:spruce_log":6,"minecraft:smooth_stone_slab":3,"minecraft:grass":11,"minecraft:oak_log":284,"minecraft:coal_ore":27,"minecraft:beetroots":15,"minecraft:gravel":16,"minecraft:cyan_carpet":1,"minecraft:sand":9,"minecraft:dirt":27,"minecraft:gold_ore":7,"minecraft:deepslate":33},"minecraft:broken":{"minecraft:stone_pickaxe":1,"minecraft:iron_pickaxe":1,"minecraft:wooden_axe":2}},"DataVersion":3465}