{"stats":{"minecraft:used":{"minecraft:stone_pickaxe":6,"alexsmobs:animal_dictionary":2,"minecraft:spruce_log":6},"minecraft:crafted":{"minecraft:stone_sword":1,"minecraft:stone_axe":1,"minecraft:crafting_table":1,"minecraft:spruce_planks":40,"minecraft:stick":8,"minecraft:stone_pickaxe":1},"minecraft:mined":{"minecraft:grass":1,"minecraft:spruce_log":16,"minecraft:stone":6,"minecraft:oak_leaves":1},"minecraft:custom":{"minecraft:time_since_rest":5612,"minecraft:crouch_one_cm":1692,"minecraft:play_time":5612,"minecraft:sprint_one_cm":3277,"minecraft:walk_one_cm":17130,"minecraft:sneak_time":994,"minecraft:walk_under_water_one_cm":55,"minecraft:jump":34,"minecraft:time_since_death":5612,"minecraft:walk_on_water_one_cm":235,"minecraft:total_world_time":5612,"minecraft:swim_one_cm":899,"minecraft:interact_with_crafting_table":3,"minecraft:fall_one_cm":269,"minecraft:fly_one_cm":1514},"minecraft:picked_up":{"minecraft:spruce_log":16,"minecraft:cobblestone":8}},"DataVersion":3465}