{"stats":{"minecraft:mined":{"minecraft:grass":1,"minecraft:grass_block":1,"minecraft:decorated_pot":1,"minecraft:oak_planks":1},"minecraft:dropped":{"tacz:modern_kinetic_gun":1},"minecraft:killed":{"last_of_us:runner":6,"minecraft:creeper":1,"minecraft:enderman":1,"last_of_us:stalker":1},"minecraft:custom":{"minecraft:open_barrel":4,"minecraft:time_since_rest":5925,"minecraft:sprint_one_cm":9763,"minecraft:play_time":11705,"minecraft:deaths":2,"minecraft:damage_taken":605,"minecraft:walk_one_cm":16859,"minecraft:sneak_time":80,"minecraft:walk_under_water_one_cm":300,"minecraft:mob_kills":9,"minecraft:drop":1,"minecraft:jump":99,"minecraft:damage_dealt":6,"minecraft:leave_game":2,"minecraft:walk_on_water_one_cm":2,"minecraft:time_since_death":4422,"minecraft:total_world_time":11705,"minecraft:fall_one_cm":6205,"minecraft:fly_one_cm":44769},"minecraft:used":{"alexsmobs:animal_dictionary":1,"minecraft:decorated_pot":1},"minecraft:picked_up":{"minecraft:decorated_pot":1,"tacz:modern_kinetic_gun":1,"minecraft:oak_planks":1,"minecraft:dirt":1}},"DataVersion":3465}