{"stats":{"minecraft:custom":{"minecraft:time_since_rest":4610,"minecraft:crouch_one_cm":804,"minecraft:play_time":4610,"minecraft:sprint_one_cm":7439,"minecraft:damage_taken":106,"minecraft:walk_one_cm":8107,"minecraft:sneak_time":213,"minecraft:walk_under_water_one_cm":273,"minecraft:jump":63,"minecraft:time_since_death":4610,"minecraft:walk_on_water_one_cm":2120,"minecraft:total_world_time":4610,"minecraft:swim_one_cm":1160,"minecraft:interact_with_crafting_table":1,"minecraft:fall_one_cm":2395,"minecraft:fly_one_cm":15948},"minecraft:crafted":{"minecraft:dark_oak_planks":16,"minecraft:stick":8},"minecraft:mined":{"minecraft:grass_block":1,"minecraft:sand":6,"minecraft:dirt":1,"minecraft:dark_oak_leaves":1,"minecraft:dark_oak_log":5},"minecraft:used":{"minecraft:dirt":2},"minecraft:picked_up":{"minecraft:sand":6,"minecraft:dark_oak_log":4,"minecraft:dirt":2,"minecraft:cobblestone":1}},"DataVersion":3953}