{"stats":{"minecraft:used":{"minecraft:stone_axe":1,"minecraft:crafting_table":1,"minecraft:stone_pickaxe":11,"minecraft:wooden_pickaxe":5},"minecraft:mined":{"minecraft:short_grass":1,"minecraft:grass_block":1,"minecraft:oak_log":6,"minecraft:stone":14,"minecraft:crafting_table":1,"minecraft:oak_leaves":1},"minecraft:custom":{"minecraft:time_since_rest":2579,"minecraft:crouch_one_cm":194,"minecraft:play_time":2579,"minecraft:sprint_one_cm":1352,"minecraft:walk_one_cm":5251,"minecraft:sneak_time":95,"minecraft:jump":18,"minecraft:time_since_death":2579,"minecraft:total_world_time":2579,"minecraft:interact_with_crafting_table":4,"minecraft:fall_one_cm":1105,"minecraft:fly_one_cm":3720},"minecraft:picked_up":{"minecraft:oak_log":6,"minecraft:dirt":1,"minecraft:cobblestone":14},"minecraft:crafted":{"minecraft:furnace":1,"minecraft:oak_planks":24,"minecraft:stone_axe":1,"minecraft:crafting_table":1,"minecraft:stick":8,"minecraft:stone_pickaxe":1,"minecraft:wooden_pickaxe":1}},"DataVersion":3955}