{"stats":{"minecraft:crafted":{"minecraft:oak_planks":20,"minecraft:crafting_table":1,"minecraft:iron_helmet":1,"minecraft:wooden_pickaxe":1,"minecraft:iron_sword":1,"minecraft:furnace":1,"minecraft:stone_axe":2,"minecraft:cooked_mutton":21,"minecraft:air":0,"minecraft:flint_and_steel":1,"minecraft:iron_boots":1,"minecraft:iron_chestplate":1,"minecraft:diamond_pickaxe":1,"minecraft:stick":20,"minecraft:iron_ingot":27,"minecraft:iron_pickaxe":1,"minecraft:stone_pickaxe":1,"minecraft:iron_leggings":1,"minecraft:torch":8},"minecraft:killed":{"minecraft:pig":4,"minecraft:spider":1,"minecraft:iron_golem":1,"minecraft:skeleton":11,"minecraft:sheep":15,"minecraft:zombie":15,"minecraft:chicken":7},"minecraft:killed_by":{"minecraft:skeleton":7,"minecraft:creeper":1},"minecraft:custom":{"minecraft:interact_with_furnace":17,"minecraft:mob_kills":54,"minecraft:interact_with_crafting_table":13,"minecraft:time_since_death":6860,"minecraft:sleep_in_bed":1,"minecraft:time_since_rest":6883,"minecraft:sprint_one_cm":187179,"minecraft:damage_taken":3849,"minecraft:walk_one_cm":111863,"minecraft:drop":11,"minecraft:damage_dealt":8782,"minecraft:swim_one_cm":1230,"minecraft:fly_one_cm":205750,"minecraft:open_chest":2,"minecraft:crouch_one_cm":10602,"minecraft:play_time":51681,"minecraft:deaths":8,"minecraft:sneak_time":4616,"minecraft:walk_under_water_one_cm":4413,"minecraft:jump":1149,"minecraft:walk_on_water_one_cm":24296,"minecraft:total_world_time":51681,"minecraft:fall_one_cm":24599},"minecraft:broken":{"minecraft:stone_axe":1},"minecraft:mined":{"minecraft:tuff":1,"minecraft:acacia_leaves":1,"minecraft:mossy_cobblestone":3,"soulsweapons:verglas_ore_deepslate":2,"minecraft:deepslate_diamond_ore":6,"minecraft:crafting_table":5,"minecraft:budding_amethyst":1,"minecraft:short_grass":5,"minecraft:calcite":3,"minecraft:chest":2,"minecraft:cobblestone":8,"minecraft:sugar_cane":1,"minecraft:wall_torch":9,"minecraft:amethyst_block":4,"minecraft:spawner":1,"minecraft:furnace":2,"minecraft:iron_ore":18,"minecraft:andesite":3,"minecraft:deepslate_lapis_ore":6,"minecraft:yellow_bed":2,"soulsweapons:moonstone_ore_deepslate":2,"minecraft:oak_log":5,"minecraft:coal_ore":23,"minecraft:deepslate_iron_ore":15,"minecraft:gravel":5,"minecraft:stone":61,"minecraft:deepslate":135,"soulsweapons:verglas_ore":2},"minecraft:picked_up":{"minecraft:iron_chestplate":2,"minecraft:crafting_table":5,"minecraft:feather":16,"minecraft:chicken":28,"minecraft:glow_ink_sac":8,"minecraft:andesite":3,"minecraft:wooden_pickaxe":2,"minecraft:potato":15,"soulsweapons:moonstone":6,"minecraft:flint":5,"minecraft:tuff":1,"minecraft:oak_log":5,"minecraft:yellow_bed":3,"minecraft:gunpowder":18,"minecraft:amethyst_block":4,"minecraft:lapis_lazuli":80,"minecraft:flint_and_steel":2,"minecraft:string":45,"minecraft:dirt":45,"minecraft:iron_leggings":3,"minecraft:name_tag":6,"minecraft:cooked_mutton":7,"minecraft:bone":31,"minecraft:wheat_seeds":3,"minecraft:cobbled_deepslate":408,"minecraft:iron_ingot":6,"minecraft:stone_pickaxe":1,"minecraft:calcite":3,"minecraft:iron_pickaxe":2,"minecraft:iron_boots":2,"minecraft:iron_sword":2,"minecraft:sugar_cane":10,"minecraft:chest":6,"minecraft:oak_planks":6,"minecraft:furnace":2,"minecraft:book":3,"minecraft:stick":11,"minecraft:raw_iron":33,"minecraft:torch":21,"minecraft:gravel":78,"minecraft:porkchop":32,"minecraft:mossy_cobblestone":3,"minecraft:arrow":26,"minecraft:rotten_flesh":17,"minecraft:diamond":8,"minecraft:stone_axe":3,"minecraft:iron_helmet":2,"minecraft:saddle":3,"soulsweapons:verglas":12,"minecraft:bread":4,"minecraft:mutton":22,"minecraft:coal":75,"minecraft:white_wool":48,"minecraft:cobblestone":81,"minecraft:diamond_pickaxe":2},"minecraft:dropped":{"minecraft:wheat_seeds":2,"minecraft:glow_ink_sac":2,"minecraft:rotten_flesh":5,"minecraft:cobblestone":1,"minecraft:andesite":1,"minecraft:stone_pickaxe":1,"minecraft:wooden_pickaxe":2,"minecraft:calcite":3},"minecraft:used":{"minecraft:cooked_mutton":21,"minecraft:amethyst_block":4,"minecraft:stone_pickaxe":66,"minecraft:wooden_pickaxe":3,"minecraft:iron_sword":49,"minecraft:iron_chestplate":1,"minecraft:white_wool":4,"minecraft:torch":19,"minecraft:mossy_cobblestone":3,"minecraft:dirt":9,"minecraft:mutton":1,"minecraft:crafting_table":6,"minecraft:tuff":1,"minecraft:diamond_pickaxe":152,"minecraft:bread":1,"minecraft:iron_pickaxe":87,"minecraft:iron_boots":1,"minecraft:stone_axe":96,"minecraft:cobblestone":50,"minecraft:furnace":3,"minecraft:porkchop":3,"minecraft:andesite":2,"minecraft:yellow_bed":2,"minecraft:cobbled_deepslate":19}},"DataVersion":3700}