{"stats":{"minecraft:crafted":{"minecraft:oak_planks":20,"minecraft:cooked_porkchop":3,"minecraft:crafting_table":1,"minecraft:iron_helmet":1,"minecraft:wooden_pickaxe":1,"minecraft:iron_sword":1,"minecraft:furnace":1,"minecraft:stone_axe":2,"minecraft:cooked_mutton":21,"minecraft:air":0,"minecraft:flint_and_steel":1,"minecraft:iron_boots":1,"minecraft:iron_chestplate":1,"minecraft:diamond_pickaxe":1,"minecraft:stick":20,"minecraft:iron_ingot":27,"minecraft:iron_pickaxe":1,"minecraft:stone_pickaxe":1,"minecraft:iron_leggings":1,"minecraft:torch":8},"minecraft:killed":{"minecraft:pig":4,"minecraft:spider":2,"minecraft:iron_golem":1,"minecraft:skeleton":12,"minecraft:sheep":15,"minecraft:zombie":18,"minecraft:chicken":7},"minecraft:killed_by":{"minecraft:skeleton":9,"minecraft:creeper":2},"minecraft:custom":{"minecraft:interact_with_furnace":21,"minecraft:mob_kills":60,"minecraft:interact_with_crafting_table":15,"minecraft:time_since_death":10944,"minecraft:sleep_in_bed":2,"minecraft:time_since_rest":9228,"minecraft:sprint_one_cm":248990,"minecraft:damage_taken":4522,"minecraft:walk_one_cm":134959,"minecraft:drop":11,"minecraft:damage_dealt":9833,"minecraft:swim_one_cm":1230,"minecraft:fly_one_cm":271906,"minecraft:open_chest":2,"minecraft:crouch_one_cm":11720,"minecraft:play_time":63681,"minecraft:deaths":11,"minecraft:sneak_time":5229,"minecraft:walk_under_water_one_cm":4413,"minecraft:jump":1402,"minecraft:walk_on_water_one_cm":25788,"minecraft:total_world_time":63681,"minecraft:fall_one_cm":29483},"minecraft:broken":{"minecraft:stone_axe":1},"minecraft:mined":{"minecraft:tuff":5,"minecraft:acacia_leaves":1,"minecraft:mossy_cobblestone":4,"soulsweapons:verglas_ore_deepslate":2,"minecraft:deepslate_diamond_ore":11,"minecraft:torch":1,"minecraft:crafting_table":7,"minecraft:budding_amethyst":1,"minecraft:short_grass":5,"minecraft:calcite":3,"minecraft:chest":2,"minecraft:cobblestone":8,"minecraft:sugar_cane":1,"minecraft:wall_torch":10,"minecraft:amethyst_block":4,"minecraft:spawner":1,"minecraft:furnace":3,"minecraft:iron_ore":18,"minecraft:andesite":3,"minecraft:deepslate_lapis_ore":6,"minecraft:yellow_bed":3,"soulsweapons:moonstone_ore_deepslate":6,"minecraft:oak_log":5,"minecraft:coal_ore":23,"minecraft:deepslate_iron_ore":15,"minecraft:gravel":5,"minecraft:stone":61,"minecraft:deepslate":165,"soulsweapons:verglas_ore":2},"minecraft:picked_up":{"minecraft:iron_chestplate":3,"minecraft:crafting_table":7,"minecraft:feather":20,"minecraft:chicken":35,"minecraft:glow_ink_sac":10,"minecraft:andesite":3,"minecraft:wooden_pickaxe":2,"minecraft:potato":20,"soulsweapons:moonstone":12,"minecraft:flint":6,"minecraft:tuff":5,"minecraft:oak_log":5,"minecraft:yellow_bed":4,"minecraft:gunpowder":18,"minecraft:amethyst_block":4,"minecraft:lapis_lazuli":120,"minecraft:flint_and_steel":4,"minecraft:string":62,"minecraft:dirt":51,"minecraft:iron_leggings":4,"minecraft:name_tag":8,"minecraft:cooked_mutton":7,"minecraft:bone":47,"minecraft:wheat_seeds":3,"minecraft:cobbled_deepslate":564,"minecraft:iron_ingot":6,"minecraft:stone_pickaxe":1,"minecraft:calcite":3,"minecraft:iron_pickaxe":3,"minecraft:iron_boots":3,"minecraft:iron_sword":4,"minecraft:sugar_cane":10,"minecraft:chest":8,"minecraft:oak_planks":6,"minecraft:furnace":3,"minecraft:book":4,"minecraft:stick":16,"minecraft:raw_iron":39,"minecraft:torch":27,"minecraft:gravel":106,"minecraft:porkchop":37,"minecraft:mossy_cobblestone":4,"minecraft:arrow":54,"minecraft:rotten_flesh":26,"minecraft:diamond":16,"minecraft:stone_axe":3,"minecraft:iron_helmet":3,"minecraft:saddle":4,"soulsweapons:verglas":16,"minecraft:bread":4,"minecraft:mutton":22,"minecraft:coal":92,"minecraft:white_wool":59,"minecraft:cobblestone":81,"minecraft:diamond_pickaxe":4},"minecraft:dropped":{"minecraft:wheat_seeds":2,"minecraft:glow_ink_sac":2,"minecraft:rotten_flesh":5,"minecraft:cobblestone":1,"minecraft:andesite":1,"minecraft:stone_pickaxe":1,"minecraft:wooden_pickaxe":2,"minecraft:calcite":3},"minecraft:used":{"minecraft:cooked_mutton":21,"minecraft:amethyst_block":4,"minecraft:stone_pickaxe":66,"minecraft:wooden_pickaxe":3,"minecraft:iron_sword":67,"minecraft:iron_chestplate":1,"minecraft:white_wool":4,"minecraft:torch":21,"minecraft:mossy_cobblestone":3,"minecraft:dirt":9,"minecraft:mutton":1,"minecraft:crafting_table":8,"minecraft:tuff":1,"minecraft:diamond_pickaxe":200,"minecraft:bread":1,"minecraft:iron_pickaxe":87,"minecraft:iron_boots":1,"minecraft:stone_axe":96,"minecraft:cobblestone":50,"minecraft:cooked_porkchop":2,"minecraft:furnace":4,"minecraft:porkchop":3,"minecraft:andesite":2,"minecraft:yellow_bed":2,"minecraft:cobbled_deepslate":19}},"DataVersion":3700}