{"stats":{"minecraft:custom":{"minecraft:mob_kills":13,"minecraft:interact_with_crafting_table":31,"minecraft:open_barrel":2,"minecraft:leave_game":4,"minecraft:time_since_death":1443,"minecraft:climb_one_cm":5425,"minecraft:damage_resisted":766,"minecraft:sprint_one_cm":200608,"minecraft:walk_one_cm":193369,"minecraft:drop":52,"minecraft:talked_to_villager":1,"minecraft:play_time":97868,"minecraft:deaths":11,"minecraft:sneak_time":12173,"minecraft:walk_under_water_one_cm":2051,"minecraft:jump":1484,"minecraft:walk_on_water_one_cm":5541,"minecraft:total_world_time":97868,"minecraft:interact_with_furnace":32,"minecraft:sleep_in_bed":3,"minecraft:time_since_rest":1485,"minecraft:damage_taken":4745,"minecraft:damage_dealt":2807,"minecraft:swim_one_cm":2256,"minecraft:fly_one_cm":378669,"minecraft:open_chest":51,"minecraft:crouch_one_cm":32859,"minecraft:fall_one_cm":43558},"minecraft:used":{"minecraft:oak_fence":1,"minecraft:stone_sword":8,"minecraft:flint_and_steel":1,"tacz:gun_smith_table":1,"minecraft:chest":5,"minecraft:spruce_planks":1,"minecraft:iron_sword":39,"minecraft:netherrack":9,"minecraft:torch":8,"minecraft:lava_bucket":8,"minecraft:iron_axe":34,"minecraft:oak_stairs":4,"minecraft:furnace":6,"minecraft:cooked_beef":4,"minecraft:cobbled_deepslate":138,"minecraft:water_bucket":8,"minecraft:glass_bottle":5,"minecraft:stone_pickaxe":78,"minecraft:oak_planks":6,"minecraft:wooden_pickaxe":3,"minecraft:blue_bed":1,"minecraft:spruce_fence_gate":4,"minecraft:crafting_table":8,"minecraft:white_bed":1,"minecraft:diamond_pickaxe":12,"apocalypsenow:long_knife":1,"minecraft:iron_pickaxe":651,"minecraft:gravel":21,"minecraft:stone_axe":11,"minecraft:cobblestone":40,"minecraft:potion":4,"minecraft:cobbled_deepslate_slab":97,"minecraft:bucket":16,"alexsmobs:animal_dictionary":1},"minecraft:dropped":{"apocalypsenow:nailbox":3,"apocalypsenow:dead_rat":1,"minecraft:wheat_seeds":2,"apocalypsenow:plank":1,"apocalypsenow:old_west_hat_helmet":1,"minecraft:saddle":1,"minecraft:music_disc_13":1,"minecraft:emerald":1,"apocalypsenow:blue_football_armor_chestplate":1,"minecraft:dirt":8,"apocalypsenow:bandage":1,"apocalypsenow:bulletproof_vest_chestplate":2,"irons_spellbooks:arcane_essence":5,"gravestone:obituary":4,"apocalypsenow:textilethread":3,"minecraft:string":20,"minecraft:bucket":1,"minecraft:spruce_sapling":16,"last_of_us:noxioussack":1,"simplehats:hatbag_rare":1,"apocalypsenow:fire_figther_helmet":1,"apocalypsenow:golf_stick":1,"minecraft:cobbled_deepslate":64,"minecraft:light_gray_terracotta":1,"minecraft:wheat":4,"minecraft:rotten_flesh":10,"minecraft:oak_planks":2,"apocalypsenow:money":1,"apocalypsenow:coffee":1,"minecraft:spruce_planks":39,"apocalypsenow:cheese":2,"minecraft:andesite":26,"minecraft:melon_seeds":4,"minecraft:chest":1,"minecraft:stone_pickaxe":1,"minecraft:wooden_pickaxe":1,"iceandfire:manuscript":2},"minecraft:killed":{"last_of_us:runner":2,"last_of_us:clicker":6,"last_of_us:crawler":1,"alexsmobs:cockroach":1,"minecraft:cow":3},"minecraft:picked_up":{"last_of_us:noxioussack":4,"minecraft:crafting_table":6,"minecraft:wheat":8,"minecraft:ladder":3,"simplehats:hatbag_rare":1,"minecraft:oak_stairs":5,"simplehats:fakefire":1,"gravestone:obituary":2,"minecraft:cornflower":1,"minecraft:string":34,"minecraft:raw_copper":8,"apocalypsenow:balaclava_helmet":1,"irons_spellbooks:arcane_essence":10,"minecraft:cobbled_deepslate":377,"minecraft:bucket":2,"minecraft:spruce_planks":1,"minecraft:beef":5,"minecraft:poppy":1,"apocalypsenow:old_west_hat_helmet":1,"minecraft:chest":3,"minecraft:furnace":3,"minecraft:stick":8,"minecraft:raw_iron":94,"last_of_us:rags":1,"minecraft:oak_door":1,"minecraft:oak_fence":3,"minecraft:torch":7,"apocalypsenow:plank":2,"apocalypsenow:bulletproof_vest_chestplate":3,"minecraft:redstone":43,"minecraft:rotten_flesh":28,"minecraft:beetroot_seeds":4,"create:ochrum":1,"minecraft:hay_block":2,"minecraft:saddle":2,"minecraft:cobblestone":81,"apocalypsenow:cheese":2,"minecraft:glow_ink_sac":3,"apocalypsenow:coffee":2,"minecraft:andesite":166,"apocalypsenow:vitamins":1,"minecraft:leather":3,"apocalypsenow:nailbox":4,"minecraft:flint":1,"minecraft:tuff":2,"minecraft:oak_log":8,"minecraft:gunpowder":1,"minecraft:cobblestone_stairs":1,"minecraft:lapis_lazuli":39,"minecraft:dirt":18,"apocalypsenow:bandage":1,"apocalypsenow:human_flesh":3,"minecraft:wheat_seeds":2,"minecraft:cobbled_deepslate_slab":4,"apocalypsenow:money":2,"minecraft:oak_fence_gate":1,"minecraft:iron_ingot":33,"apocalypsenow:dead_rat":2,"apocalypsenow:fire_figther_helmet":2,"minecraft:oak_planks":9,"minecraft:book":6,"minecraft:music_disc_13":2,"apocalypsenow:textilethread":6,"minecraft:dandelion":1,"minecraft:gravel":21,"minecraft:sand":3,"minecraft:spruce_sapling":21,"minecraft:blast_furnace":1,"minecraft:spruce_log":9,"last_of_us:noxioustree":8,"minecraft:light_gray_terracotta":1,"apocalypsenow:golf_stick":2,"minecraft:diamond":8,"apocalypsenow:blue_football_armor_chestplate":2,"minecraft:emerald":1,"minecraft:netherrack":25,"minecraft:melon_seeds":8,"minecraft:coal":79,"iceandfire:raw_silver":14},"minecraft:killed_by":{"minecraft:player":1,"minecraft:creeper":1,"last_of_us:runner":1,"last_of_us:clicker":6},"minecraft:crafted":{"minecraft:cobbled_deepslate_slab":150,"minecraft:oak_planks":16,"minecraft:furnace":3,"minecraft:flint_and_steel":1,"minecraft:glass":3,"minecraft:iron_axe":1,"minecraft:stone_pickaxe":1,"minecraft:chest":3,"minecraft:cooked_beef":5,"minecraft:glass_bottle":3,"minecraft:crafting_table":3,"minecraft:spruce_planks":96,"minecraft:wooden_pickaxe":1,"tacz:gun_smith_table":1,"minecraft:copper_ingot":4,"minecraft:bucket":1,"minecraft:stone_axe":1,"minecraft:air":0,"minecraft:white_wool":3,"minecraft:shield":1,"minecraft:stick":24,"minecraft:iron_ingot":82,"minecraft:iron_pickaxe":3,"minecraft:stone_sword":1,"minecraft:iron_block":2,"minecraft:white_bed":1,"minecraft:spruce_fence_gate":4,"minecraft:torch":4},"minecraft:mined":{"minecraft:tuff":2,"minecraft:spruce_planks":1,"iceandfire:silver_ore":10,"minecraft:deepslate_diamond_ore":8,"minecraft:sculk_vein":1,"gravestone:gravestone":9,"minecraft:ladder":1,"minecraft:cobbled_deepslate_slab":3,"minecraft:grass_block":1,"create:ochrum":1,"iceandfire:deepslate_silver_ore":4,"minecraft:spawner":2,"minecraft:large_fern":2,"minecraft:furnace":3,"minecraft:iron_ore":48,"minecraft:cobbled_deepslate":4,"minecraft:andesite":70,"minecraft:deepslate_lapis_ore":4,"minecraft:bookshelf":2,"minecraft:deepslate_iron_ore":46,"minecraft:oak_stairs":5,"minecraft:stone":77,"minecraft:deepslate_redstone_ore":9,"minecraft:soul_fire":6,"minecraft:oak_fence":1,"minecraft:crafting_table":6,"minecraft:blast_furnace":1,"minecraft:chest":2,"last_of_us:noxioussack":3,"minecraft:tall_grass":9,"minecraft:cobblestone":1,"minecraft:lapis_ore":1,"minecraft:oak_planks":1,"minecraft:sculk":2,"minecraft:wall_torch":3,"minecraft:deepslate_copper_ore":4,"minecraft:spruce_log":9,"minecraft:grass":6,"minecraft:oak_log":7,"minecraft:coal_ore":66,"minecraft:gravel":23,"minecraft:sand":3,"minecraft:netherrack":25,"minecraft:deepslate":345},"minecraft:broken":{"minecraft:iron_pickaxe":2}},"DataVersion":3465}