{"stats":{"minecraft:crafted":{"minecraft:crafting_table":1,"minecraft:stick":8,"minecraft:jungle_planks":20},"minecraft:custom":{"minecraft:jump":39,"minecraft:time_since_rest":2721,"minecraft:sprint_one_cm":5038,"minecraft:play_time":2721,"minecraft:time_since_death":2721,"minecraft:walk_one_cm":1427,"minecraft:climb_one_cm":12,"minecraft:total_world_time":2721,"minecraft:fall_one_cm":1161,"minecraft:fly_one_cm":8188},"minecraft:mined":{"minecraft:jungle_log":5,"minecraft:oak_leaves":3},"minecraft:picked_up":{"minecraft:jungle_log":5}},"DataVersion":3955}