{"stats":{"minecraft:used":{"minecraft:stone_sword":7,"minecraft:stone_pickaxe":32,"minecraft:wooden_pickaxe":3,"minecraft:stone_axe":14,"minecraft:crafting_table":2,"minecraft:furnace":1},"minecraft:crafted":{"minecraft:oak_planks":24,"minecraft:crafting_table":1,"minecraft:stick":8,"minecraft:wooden_pickaxe":1,"minecraft:stone_pickaxe":1,"minecraft:stone_sword":1,"minecraft:furnace":1,"minecraft:stone_axe":1},"minecraft:mined":{"minecraft:ice":2,"minecraft:crafting_table":1,"minecraft:coal_ore":3,"minecraft:oak_log":6,"minecraft:dirt":1,"minecraft:stone":27,"minecraft:bricks":2,"minecraft:oak_leaves":11},"minecraft:custom":{"minecraft:time_since_rest":5764,"minecraft:interact_with_furnace":2,"minecraft:sprint_one_cm":8924,"minecraft:damage_taken":30,"minecraft:walk_one_cm":18641,"minecraft:mob_kills":5,"minecraft:drop":2,"minecraft:damage_dealt":420,"minecraft:swim_one_cm":949,"minecraft:interact_with_crafting_table":6,"minecraft:fly_one_cm":11339,"minecraft:open_chest":1,"minecraft:crouch_one_cm":276,"minecraft:play_time":5764,"minecraft:sneak_time":79,"minecraft:walk_under_water_one_cm":44,"minecraft:jump":65,"minecraft:walk_on_water_one_cm":264,"minecraft:time_since_death":5764,"minecraft:total_world_time":5764,"minecraft:fall_one_cm":2589},"minecraft:dropped":{"minecraft:cobblestone":3,"minecraft:wooden_pickaxe":1},"minecraft:killed":{"minecraft:pig":2,"alexsmobs:fly":1,"minecraft:cow":2},"minecraft:picked_up":{"minecraft:stick":3,"minecraft:crafting_table":1,"minecraft:leather":3,"minecraft:porkchop":2,"minecraft:oak_log":6,"minecraft:dirt":1,"minecraft:apple":1,"minecraft:beef":4,"minecraft:oak_sapling":4,"minecraft:coal":3,"minecraft:bricks":2,"minecraft:cobblestone":28}},"DataVersion":3465}