{"stats":{"minecraft:killed_by":{"minecraft:skeleton":1},"minecraft:crafted":{"minecraft:oak_door":3,"minecraft:oak_planks":40,"minecraft:cooked_porkchop":4,"minecraft:crafting_table":3,"minecraft:wooden_pickaxe":1,"minecraft:birch_boat":1,"minecraft:furnace":2,"minecraft:birch_planks":48,"minecraft:stone_axe":2,"minecraft:air":0,"minecraft:shield":1,"minecraft:stick":16,"minecraft:iron_ingot":10,"minecraft:iron_pickaxe":1,"minecraft:stone_pickaxe":1,"minecraft:stone_sword":2,"minecraft:torch":4},"minecraft:used":{"minecraft:stone_sword":17,"minecraft:birch_planks":19,"minecraft:stone_pickaxe":85,"minecraft:oak_planks":20,"minecraft:wooden_pickaxe":3,"minecraft:rotten_flesh":1,"minecraft:oak_door":8,"minecraft:torch":3,"minecraft:dirt":4,"minecraft:crafting_table":4,"minecraft:iron_pickaxe":31,"minecraft:stone_axe":35,"minecraft:cobblestone":12,"minecraft:porkchop":1,"minecraft:furnace":2,"minecraft:cooked_porkchop":4,"minecraft:egg":2},"minecraft:custom":{"minecraft:interact_with_furnace":11,"minecraft:mob_kills":8,"minecraft:interact_with_crafting_table":19,"minecraft:leave_game":3,"minecraft:time_since_death":3685,"minecraft:time_since_rest":3711,"minecraft:sprint_one_cm":86080,"minecraft:damage_taken":574,"minecraft:walk_one_cm":57777,"minecraft:drop":3,"minecraft:damage_dealt":880,"minecraft:swim_one_cm":43568,"minecraft:fly_one_cm":73645,"minecraft:crouch_one_cm":6643,"minecraft:play_time":26870,"minecraft:deaths":1,"minecraft:sneak_time":3258,"minecraft:walk_under_water_one_cm":13195,"minecraft:jump":380,"minecraft:walk_on_water_one_cm":4108,"minecraft:total_world_time":26870,"minecraft:fall_one_cm":7613},"minecraft:killed":{"minecraft:pig":3,"minecraft:spider":1,"minecraft:skeleton":2,"minecraft:cow":2},"minecraft:mined":{"minecraft:oak_door":7,"minecraft:crafting_table":1,"minecraft:granite":4,"minecraft:short_grass":1,"minecraft:grass_block":1,"minecraft:cobblestone":1,"minecraft:lapis_ore":3,"minecraft:oak_planks":8,"minecraft:wall_torch":1,"minecraft:furnace":1,"minecraft:birch_log":12,"minecraft:iron_ore":10,"minecraft:oak_log":10,"minecraft:coal_ore":26,"minecraft:dirt":5,"minecraft:stone":67,"minecraft:oak_leaves":2,"soulsweapons:verglas_ore":3},"minecraft:picked_up":{"minecraft:birch_log":12,"minecraft:crafting_table":1,"minecraft:leather":3,"minecraft:wooden_pickaxe":1,"minecraft:birch_planks":14,"minecraft:oak_log":10,"minecraft:lapis_lazuli":38,"minecraft:dirt":8,"minecraft:string":4,"minecraft:bone":4,"minecraft:beef":4,"minecraft:stone_pickaxe":1,"minecraft:iron_ingot":7,"minecraft:iron_pickaxe":1,"minecraft:oak_planks":8,"minecraft:furnace":1,"minecraft:egg":4,"minecraft:stick":3,"minecraft:raw_iron":10,"minecraft:birch_boat":1,"minecraft:oak_door":9,"minecraft:torch":3,"minecraft:porkchop":5,"minecraft:stone_sword":1,"minecraft:arrow":3,"minecraft:rotten_flesh":1,"minecraft:stone_axe":1,"soulsweapons:verglas":6,"minecraft:coal":25,"minecraft:cobblestone":83},"minecraft:dropped":{"minecraft:stone_axe":1,"minecraft:birch_planks":5,"minecraft:stone_sword":1}},"DataVersion":3700}