{"stats":{"minecraft:crafted":{"minecraft:oak_planks":20,"minecraft:diamond_sword":1,"minecraft:cooked_porkchop":5,"minecraft:crafting_table":1,"minecraft:cooked_chicken":7,"minecraft:iron_helmet":1,"minecraft:wooden_pickaxe":1,"minecraft:iron_sword":1,"minecraft:furnace":1,"minecraft:stone_axe":2,"minecraft:cooked_mutton":21,"minecraft:air":0,"minecraft:flint_and_steel":1,"minecraft:iron_boots":1,"minecraft:iron_chestplate":1,"minecraft:diamond_pickaxe":1,"minecraft:stick":20,"minecraft:iron_ingot":27,"minecraft:iron_pickaxe":1,"minecraft:stone_pickaxe":1,"minecraft:iron_leggings":1,"minecraft:torch":8},"minecraft:killed":{"minecraft:pig":4,"minecraft:spider":4,"minecraft:iron_golem":1,"minecraft:skeleton":12,"minecraft:sheep":15,"minecraft:zombie":21,"minecraft:chicken":7},"minecraft:killed_by":{"minecraft:skeleton":9,"minecraft:creeper":4},"minecraft:custom":{"minecraft:interact_with_furnace":25,"minecraft:mob_kills":65,"minecraft:interact_with_crafting_table":16,"minecraft:leave_game":1,"minecraft:time_since_death":3749,"minecraft:climb_one_cm":1370,"minecraft:sleep_in_bed":3,"minecraft:time_since_rest":528,"minecraft:sprint_one_cm":317472,"minecraft:damage_taken":5663,"minecraft:walk_one_cm":159084,"minecraft:drop":13,"minecraft:damage_dealt":10576,"minecraft:swim_one_cm":1230,"minecraft:fly_one_cm":502660,"minecraft:open_chest":2,"minecraft:crouch_one_cm":12546,"minecraft:play_time":79043,"minecraft:deaths":13,"minecraft:sneak_time":6428,"minecraft:walk_under_water_one_cm":4413,"minecraft:jump":1745,"minecraft:walk_on_water_one_cm":26263,"minecraft:total_world_time":79043,"minecraft:fall_one_cm":39347},"minecraft:broken":{"minecraft:stone_axe":1},"minecraft:mined":{"minecraft:deepslate_redstone_ore":4,"minecraft:tuff":5,"minecraft:acacia_leaves":1,"minecraft:mossy_cobblestone":4,"soulsweapons:verglas_ore_deepslate":2,"minecraft:deepslate_diamond_ore":11,"minecraft:torch":2,"minecraft:crafting_table":9,"minecraft:budding_amethyst":1,"minecraft:short_grass":5,"minecraft:calcite":3,"minecraft:chest":2,"minecraft:cobblestone":8,"minecraft:sugar_cane":1,"minecraft:wall_torch":13,"minecraft:amethyst_block":4,"minecraft:spawner":1,"minecraft:furnace":4,"minecraft:cobbled_deepslate":5,"minecraft:iron_ore":18,"minecraft:andesite":3,"minecraft:deepslate_lapis_ore":6,"minecraft:yellow_bed":3,"soulsweapons:moonstone_ore_deepslate":6,"minecraft:oak_log":5,"minecraft:coal_ore":23,"minecraft:deepslate_iron_ore":15,"minecraft:gravel":5,"minecraft:stone":61,"minecraft:deepslate":185,"soulsweapons:verglas_ore":2},"minecraft:picked_up":{"minecraft:iron_chestplate":5,"minecraft:crafting_table":11,"minecraft:feather":28,"minecraft:chicken":35,"minecraft:glow_ink_sac":14,"minecraft:andesite":3,"minecraft:diamond_sword":2,"minecraft:wooden_pickaxe":2,"minecraft:potato":30,"soulsweapons:moonstone":24,"minecraft:flint":8,"minecraft:tuff":13,"minecraft:oak_log":5,"minecraft:yellow_bed":6,"minecraft:gunpowder":18,"minecraft:amethyst_block":4,"minecraft:lapis_lazuli":200,"minecraft:flint_and_steel":6,"minecraft:string":108,"minecraft:dirt":63,"minecraft:iron_leggings":5,"minecraft:name_tag":12,"minecraft:cooked_mutton":7,"minecraft:bone":79,"minecraft:wheat_seeds":3,"minecraft:cobbled_deepslate":923,"minecraft:iron_ingot":6,"minecraft:stone_pickaxe":1,"minecraft:cooked_chicken":10,"minecraft:calcite":3,"minecraft:iron_pickaxe":5,"minecraft:iron_boots":5,"minecraft:iron_sword":6,"minecraft:sugar_cane":10,"minecraft:chest":12,"minecraft:oak_planks":6,"minecraft:furnace":5,"minecraft:book":6,"minecraft:stick":24,"minecraft:raw_iron":51,"minecraft:torch":31,"minecraft:gravel":162,"minecraft:porkchop":37,"minecraft:redstone":54,"minecraft:mossy_cobblestone":6,"minecraft:arrow":99,"minecraft:rotten_flesh":28,"minecraft:diamond":28,"minecraft:stone_axe":3,"minecraft:iron_helmet":5,"minecraft:saddle":6,"soulsweapons:verglas":24,"minecraft:bread":4,"minecraft:mutton":22,"minecraft:coal":122,"minecraft:white_wool":81,"minecraft:cobblestone":81,"minecraft:diamond_pickaxe":6},"minecraft:dropped":{"minecraft:wheat_seeds":2,"minecraft:glow_ink_sac":2,"minecraft:rotten_flesh":16,"minecraft:cobblestone":1,"minecraft:andesite":1,"minecraft:arrow":15,"minecraft:stone_pickaxe":1,"minecraft:wooden_pickaxe":2,"minecraft:calcite":3},"minecraft:used":{"minecraft:cooked_mutton":21,"minecraft:amethyst_block":4,"minecraft:stone_pickaxe":66,"minecraft:wooden_pickaxe":3,"minecraft:cooked_chicken":3,"minecraft:iron_sword":78,"minecraft:iron_chestplate":2,"minecraft:white_wool":4,"minecraft:torch":24,"minecraft:mossy_cobblestone":3,"minecraft:dirt":9,"minecraft:mutton":1,"minecraft:crafting_table":9,"minecraft:tuff":1,"minecraft:diamond_pickaxe":235,"minecraft:bread":1,"minecraft:iron_pickaxe":87,"minecraft:iron_boots":3,"minecraft:stone_axe":96,"minecraft:diamond_sword":2,"minecraft:cobblestone":50,"minecraft:cooked_porkchop":5,"minecraft:furnace":4,"minecraft:porkchop":3,"minecraft:andesite":2,"minecraft:yellow_bed":3,"minecraft:cobbled_deepslate":57}},"DataVersion":3700}