{"stats":{"minecraft:picked_up":{"minecraft:birch_log":6},"minecraft:crafted":{"minecraft:crafting_table":1,"minecraft:birch_planks":24,"minecraft:stick":8,"minecraft:wooden_pickaxe":1},"minecraft:mined":{"minecraft:birch_log":6,"minecraft:short_grass":1,"minecraft:oak_leaves":1},"minecraft:custom":{"minecraft:jump":37,"minecraft:time_since_rest":4146,"minecraft:damage_dealt":10,"minecraft:crouch_one_cm":38,"minecraft:leave_game":2,"minecraft:sprint_one_cm":12459,"minecraft:play_time":4146,"minecraft:damage_taken":15,"minecraft:time_since_death":4146,"minecraft:walk_one_cm":14558,"minecraft:sneak_time":7,"minecraft:total_world_time":4146,"minecraft:interact_with_crafting_table":1,"minecraft:fall_one_cm":900,"minecraft:fly_one_cm":9224},"minecraft:used":{"minecraft:crafting_table":1}},"DataVersion":3700}