{"stats":{"minecraft:dropped":{"minecraft:iron_ingot":1,"minecraft:furnace":1,"minecraft:wooden_pickaxe":1},"minecraft:used":{"minecraft:stone_pickaxe":63,"minecraft:iron_pickaxe":7,"minecraft:shield":7,"minecraft:wooden_pickaxe":5,"minecraft:cooked_chicken":2,"minecraft:stone_axe":15,"minecraft:dirt":1,"minecraft:cobblestone":22,"minecraft:crafting_table":3,"minecraft:furnace":2,"minecraft:cooked_beef":2,"minecraft:cobbled_deepslate":2},"minecraft:mined":{"minecraft:furnace":1,"minecraft:deepslate_diamond_ore":2,"minecraft:iron_ore":14,"minecraft:crafting_table":1,"minecraft:short_grass":1,"minecraft:oak_log":6,"minecraft:grass_block":2,"minecraft:coal_ore":7,"minecraft:cobblestone":3,"minecraft:stone":38,"minecraft:deepslate":5,"minecraft:diorite":1,"minecraft:oak_leaves":1},"minecraft:custom":{"minecraft:time_since_rest":14579,"minecraft:interact_with_furnace":12,"minecraft:sprint_one_cm":54540,"minecraft:damage_taken":185,"minecraft:walk_one_cm":39538,"minecraft:damage_blocked_by_shield":766,"minecraft:mob_kills":9,"minecraft:drop":3,"minecraft:damage_dealt":1357,"minecraft:swim_one_cm":502,"minecraft:interact_with_crafting_table":7,"minecraft:fly_one_cm":75993,"minecraft:crouch_one_cm":1821,"minecraft:play_time":14579,"minecraft:sneak_time":670,"minecraft:walk_under_water_one_cm":2956,"minecraft:jump":383,"minecraft:time_since_death":14579,"minecraft:walk_on_water_one_cm":1839,"minecraft:total_world_time":14579,"minecraft:fall_one_cm":14719},"minecraft:picked_up":{"minecraft:cooked_beef":1,"minecraft:crafting_table":1,"minecraft:raw_iron":14,"minecraft:feather":3,"minecraft:chicken":2,"minecraft:leather":8,"minecraft:wooden_pickaxe":1,"minecraft:oak_log":6,"minecraft:diorite":1,"minecraft:dirt":2,"minecraft:bone":3,"minecraft:arrow":5,"minecraft:diamond":2,"minecraft:cobbled_deepslate":5,"minecraft:beef":6,"minecraft:granite":1,"minecraft:coal":13,"minecraft:cobblestone":45,"minecraft:furnace":1},"minecraft:crafted":{"minecraft:cooked_beef":5,"minecraft:oak_planks":24,"minecraft:shield":1,"minecraft:crafting_table":2,"minecraft:stick":8,"minecraft:iron_pickaxe":1,"minecraft:cooked_chicken":2,"minecraft:iron_ingot":5,"minecraft:wooden_pickaxe":1,"minecraft:stone_pickaxe":1,"minecraft:furnace":2,"minecraft:stone_axe":1,"minecraft:air":0},"minecraft:killed":{"minecraft:skeleton":3,"minecraft:chicken":2,"minecraft:cow":4}},"DataVersion":3955}