{"stats":{"minecraft:crafted":{"minecraft:oak_planks":20,"minecraft:crafting_table":1,"minecraft:stick":8,"minecraft:wooden_pickaxe":1,"minecraft:stone_pickaxe":1,"minecraft:furnace":1,"minecraft:torch":4,"minecraft:stone_axe":1,"minecraft:air":0,"minecraft:cooked_mutton":6},"minecraft:killed":{"minecraft:sheep":15,"minecraft:zombie":3,"minecraft:pig":4,"minecraft:chicken":7,"minecraft:spider":1,"minecraft:iron_golem":1},"minecraft:custom":{"minecraft:time_since_rest":5060,"minecraft:damage_taken":270,"minecraft:interact_with_furnace":7,"minecraft:sprint_one_cm":42431,"minecraft:walk_one_cm":33703,"minecraft:mob_kills":31,"minecraft:damage_dealt":3875,"minecraft:interact_with_crafting_table":3,"minecraft:fly_one_cm":88130,"minecraft:open_chest":1,"minecraft:crouch_one_cm":2122,"minecraft:play_time":15681,"minecraft:sneak_time":961,"minecraft:walk_under_water_one_cm":1466,"minecraft:jump":385,"minecraft:walk_on_water_one_cm":2875,"minecraft:time_since_death":15681,"minecraft:sleep_in_bed":1,"minecraft:total_world_time":15681,"minecraft:fall_one_cm":9809},"minecraft:mined":{"minecraft:acacia_leaves":1,"minecraft:yellow_bed":1,"minecraft:crafting_table":1,"minecraft:short_grass":5,"minecraft:coal_ore":13,"minecraft:oak_log":5,"minecraft:stone":47,"minecraft:sugar_cane":1},"minecraft:picked_up":{"minecraft:crafting_table":1,"minecraft:feather":4,"minecraft:chicken":7,"minecraft:porkchop":8,"minecraft:oak_log":5,"minecraft:yellow_bed":1,"minecraft:rotten_flesh":2,"minecraft:wheat_seeds":1,"minecraft:iron_ingot":3,"minecraft:sugar_cane":2,"minecraft:mutton":22,"minecraft:coal":13,"minecraft:white_wool":15,"minecraft:cobblestone":46},"minecraft:used":{"minecraft:cooked_mutton":4,"minecraft:stone_pickaxe":57,"minecraft:wooden_pickaxe":3,"minecraft:torch":1,"minecraft:stone_axe":61,"minecraft:white_wool":4,"minecraft:cobblestone":10,"minecraft:mutton":1,"minecraft:crafting_table":2,"minecraft:furnace":1,"minecraft:yellow_bed":1}},"DataVersion":3700}