{"stats":{"minecraft:crafted":{"minecraft:oak_planks":20,"minecraft:crafting_table":1,"minecraft:wooden_pickaxe":1,"minecraft:furnace":1,"minecraft:stone_axe":2,"minecraft:cooked_mutton":21,"minecraft:air":0,"minecraft:stick":12,"minecraft:iron_ingot":6,"minecraft:iron_pickaxe":1,"minecraft:stone_pickaxe":1,"minecraft:torch":4},"minecraft:killed":{"minecraft:pig":4,"minecraft:spider":1,"minecraft:iron_golem":1,"minecraft:skeleton":1,"minecraft:sheep":15,"minecraft:zombie":7,"minecraft:chicken":7},"minecraft:killed_by":{"minecraft:creeper":1},"minecraft:custom":{"minecraft:interact_with_furnace":11,"minecraft:mob_kills":36,"minecraft:interact_with_crafting_table":6,"minecraft:time_since_death":10898,"minecraft:sleep_in_bed":1,"minecraft:time_since_rest":10933,"minecraft:sprint_one_cm":85723,"minecraft:damage_taken":979,"minecraft:walk_one_cm":54521,"minecraft:damage_dealt":5035,"minecraft:swim_one_cm":1230,"minecraft:fly_one_cm":133677,"minecraft:open_chest":1,"minecraft:crouch_one_cm":4485,"minecraft:play_time":27681,"minecraft:deaths":1,"minecraft:sneak_time":1934,"minecraft:walk_under_water_one_cm":4383,"minecraft:jump":636,"minecraft:walk_on_water_one_cm":6139,"minecraft:total_world_time":27681,"minecraft:fall_one_cm":15741},"minecraft:broken":{"minecraft:stone_axe":1},"minecraft:mined":{"minecraft:acacia_leaves":1,"minecraft:crafting_table":4,"minecraft:budding_amethyst":1,"minecraft:short_grass":5,"minecraft:calcite":3,"minecraft:cobblestone":6,"minecraft:sugar_cane":1,"minecraft:wall_torch":2,"minecraft:amethyst_block":4,"minecraft:furnace":2,"minecraft:iron_ore":18,"minecraft:andesite":2,"minecraft:yellow_bed":2,"soulsweapons:moonstone_ore_deepslate":1,"minecraft:oak_log":5,"minecraft:coal_ore":23,"minecraft:stone":61,"minecraft:deepslate":13,"soulsweapons:verglas_ore":2},"minecraft:picked_up":{"minecraft:crafting_table":4,"minecraft:feather":8,"minecraft:chicken":14,"minecraft:glow_ink_sac":2,"minecraft:andesite":2,"minecraft:wooden_pickaxe":1,"minecraft:potato":5,"soulsweapons:moonstone":1,"minecraft:oak_log":5,"minecraft:yellow_bed":3,"minecraft:amethyst_block":4,"minecraft:dirt":15,"minecraft:cooked_mutton":1,"minecraft:bone":1,"minecraft:wheat_seeds":2,"minecraft:cobbled_deepslate":13,"minecraft:iron_ingot":6,"minecraft:stone_pickaxe":1,"minecraft:calcite":3,"minecraft:sugar_cane":4,"minecraft:oak_planks":6,"minecraft:furnace":2,"minecraft:book":1,"minecraft:stick":1,"minecraft:raw_iron":18,"minecraft:torch":5,"minecraft:porkchop":16,"minecraft:arrow":1,"minecraft:rotten_flesh":7,"minecraft:stone_axe":1,"soulsweapons:verglas":2,"minecraft:mutton":22,"minecraft:coal":38,"minecraft:white_wool":26,"minecraft:cobblestone":79},"minecraft:used":{"minecraft:cooked_mutton":9,"minecraft:amethyst_block":4,"minecraft:stone_pickaxe":66,"minecraft:wooden_pickaxe":3,"minecraft:white_wool":4,"minecraft:torch":5,"minecraft:mutton":1,"minecraft:crafting_table":4,"minecraft:iron_pickaxe":77,"minecraft:stone_axe":76,"minecraft:cobblestone":37,"minecraft:furnace":2,"minecraft:yellow_bed":1}},"DataVersion":3700}