{"stats":{"minecraft:crafted":{"minecraft:crafting_table":2,"minecraft:stick":12,"minecraft:wooden_pickaxe":1,"minecraft:stone_pickaxe":2,"minecraft:furnace":1,"minecraft:torch":4,"minecraft:stone_hoe":1,"minecraft:stone_axe":1,"minecraft:jungle_slab":48,"minecraft:jungle_planks":40},"minecraft:custom":{"minecraft:time_since_rest":1352,"minecraft:interact_with_furnace":3,"minecraft:sprint_one_cm":32167,"minecraft:damage_taken":258,"minecraft:walk_one_cm":34513,"minecraft:drop":4,"minecraft:damage_dealt":15,"minecraft:interact_with_crafting_table":5,"minecraft:fly_one_cm":65023,"minecraft:crouch_one_cm":3823,"minecraft:play_time":17729,"minecraft:deaths":1,"minecraft:sneak_time":1391,"minecraft:walk_under_water_one_cm":7631,"minecraft:jump":388,"minecraft:leave_game":1,"minecraft:time_since_death":1263,"minecraft:walk_on_water_one_cm":9357,"minecraft:climb_one_cm":1204,"minecraft:total_world_time":17729,"minecraft:fall_one_cm":8605},"minecraft:mined":{"minecraft:jungle_slab":3,"minecraft:wheat":1,"minecraft:crafting_table":1,"minecraft:short_grass":16,"minecraft:coal_ore":11,"minecraft:vine":2,"minecraft:jungle_log":10,"minecraft:dirt":4,"minecraft:cobblestone":1,"minecraft:bamboo":1,"minecraft:stone":21,"minecraft:oak_leaves":6,"minecraft:fern":5},"minecraft:picked_up":{"minecraft:crafting_table":1,"minecraft:jungle_log":10,"minecraft:oak_log":5,"minecraft:gunpowder":1,"minecraft:jungle_slab":5,"minecraft:dirt":4,"minecraft:wheat_seeds":6,"minecraft:bamboo":8,"minecraft:oak_sapling":2,"minecraft:coal":11,"minecraft:cobblestone":22},"minecraft:killed_by":{"minecraft:player":1},"minecraft:dropped":{"minecraft:oak_log":5,"minecraft:oak_sapling":2,"minecraft:wooden_pickaxe":1,"minecraft:stone_pickaxe":1},"minecraft:used":{"minecraft:wheat_seeds":6,"minecraft:stone_pickaxe":12,"minecraft:wooden_pickaxe":21,"minecraft:stone_hoe":6,"minecraft:stone_axe":15,"minecraft:torch":4,"minecraft:cobblestone":1,"minecraft:dirt":4,"minecraft:crafting_table":3,"minecraft:furnace":1,"minecraft:jungle_planks":1,"minecraft:jungle_slab":51}},"DataVersion":3955}