{"stats":{"minecraft:crafted":{"minecraft:oak_planks":20,"minecraft:crafting_table":1,"minecraft:iron_helmet":1,"minecraft:wooden_pickaxe":1,"minecraft:iron_sword":1,"minecraft:furnace":1,"minecraft:stone_axe":2,"minecraft:cooked_mutton":21,"minecraft:air":0,"minecraft:flint_and_steel":1,"minecraft:iron_boots":1,"minecraft:iron_chestplate":1,"minecraft:diamond_pickaxe":1,"minecraft:stick":20,"minecraft:iron_ingot":27,"minecraft:iron_pickaxe":1,"minecraft:stone_pickaxe":1,"minecraft:iron_leggings":1,"minecraft:torch":8},"minecraft:killed":{"minecraft:pig":4,"minecraft:spider":1,"minecraft:iron_golem":1,"minecraft:skeleton":3,"minecraft:sheep":15,"minecraft:zombie":11,"minecraft:chicken":7},"minecraft:killed_by":{"minecraft:creeper":1},"minecraft:custom":{"minecraft:interact_with_furnace":17,"minecraft:mob_kills":42,"minecraft:interact_with_crafting_table":13,"minecraft:time_since_death":22898,"minecraft:sleep_in_bed":1,"minecraft:time_since_rest":22933,"minecraft:sprint_one_cm":121941,"minecraft:damage_taken":1617,"minecraft:walk_one_cm":81190,"minecraft:drop":11,"minecraft:damage_dealt":6230,"minecraft:swim_one_cm":1230,"minecraft:fly_one_cm":150373,"minecraft:open_chest":2,"minecraft:crouch_one_cm":9663,"minecraft:play_time":39681,"minecraft:deaths":1,"minecraft:sneak_time":4060,"minecraft:walk_under_water_one_cm":4383,"minecraft:jump":839,"minecraft:walk_on_water_one_cm":18205,"minecraft:total_world_time":39681,"minecraft:fall_one_cm":18015},"minecraft:broken":{"minecraft:stone_axe":1},"minecraft:mined":{"minecraft:tuff":1,"minecraft:acacia_leaves":1,"minecraft:mossy_cobblestone":3,"minecraft:deepslate_diamond_ore":3,"minecraft:crafting_table":5,"minecraft:budding_amethyst":1,"minecraft:short_grass":5,"minecraft:calcite":3,"minecraft:chest":2,"minecraft:cobblestone":8,"minecraft:sugar_cane":1,"minecraft:wall_torch":6,"minecraft:amethyst_block":4,"minecraft:spawner":1,"minecraft:furnace":2,"minecraft:iron_ore":18,"minecraft:andesite":3,"minecraft:yellow_bed":2,"soulsweapons:moonstone_ore_deepslate":2,"minecraft:oak_log":5,"minecraft:coal_ore":23,"minecraft:deepslate_iron_ore":9,"minecraft:gravel":2,"minecraft:stone":61,"minecraft:deepslate":106,"soulsweapons:verglas_ore":2},"minecraft:picked_up":{"minecraft:crafting_table":5,"minecraft:feather":8,"minecraft:chicken":14,"minecraft:glow_ink_sac":4,"minecraft:andesite":3,"minecraft:wooden_pickaxe":2,"minecraft:potato":5,"soulsweapons:moonstone":2,"minecraft:flint":2,"minecraft:tuff":1,"minecraft:oak_log":5,"minecraft:yellow_bed":3,"minecraft:gunpowder":9,"minecraft:amethyst_block":4,"minecraft:string":15,"minecraft:dirt":15,"minecraft:name_tag":2,"minecraft:cooked_mutton":1,"minecraft:bone":4,"minecraft:wheat_seeds":3,"minecraft:cobbled_deepslate":107,"minecraft:iron_ingot":6,"minecraft:stone_pickaxe":1,"minecraft:calcite":3,"minecraft:sugar_cane":4,"minecraft:chest":2,"minecraft:oak_planks":6,"minecraft:furnace":2,"minecraft:book":1,"minecraft:stick":1,"minecraft:raw_iron":27,"minecraft:torch":13,"minecraft:gravel":25,"minecraft:porkchop":16,"minecraft:mossy_cobblestone":3,"minecraft:arrow":3,"minecraft:rotten_flesh":9,"minecraft:diamond":3,"minecraft:stone_axe":1,"minecraft:saddle":1,"soulsweapons:verglas":2,"minecraft:bread":1,"minecraft:mutton":22,"minecraft:coal":41,"minecraft:white_wool":26,"minecraft:cobblestone":81},"minecraft:dropped":{"minecraft:wheat_seeds":2,"minecraft:glow_ink_sac":2,"minecraft:rotten_flesh":5,"minecraft:cobblestone":1,"minecraft:andesite":1,"minecraft:stone_pickaxe":1,"minecraft:wooden_pickaxe":2,"minecraft:calcite":3},"minecraft:used":{"minecraft:cooked_mutton":18,"minecraft:amethyst_block":4,"minecraft:stone_pickaxe":66,"minecraft:wooden_pickaxe":3,"minecraft:iron_sword":4,"minecraft:iron_chestplate":1,"minecraft:white_wool":4,"minecraft:torch":15,"minecraft:mossy_cobblestone":3,"minecraft:mutton":1,"minecraft:crafting_table":6,"minecraft:tuff":1,"minecraft:diamond_pickaxe":104,"minecraft:iron_pickaxe":87,"minecraft:iron_boots":1,"minecraft:stone_axe":94,"minecraft:cobblestone":50,"minecraft:furnace":3,"minecraft:andesite":2,"minecraft:yellow_bed":2,"minecraft:cobbled_deepslate":8}},"DataVersion":3700}