{"stats":{"minecraft:killed_by":{"minecraft:skeleton":1},"minecraft:dropped":{"minecraft:iron_ingot":1,"minecraft:furnace":1,"minecraft:wooden_pickaxe":1},"minecraft:used":{"minecraft:stone_pickaxe":63,"minecraft:wooden_pickaxe":5,"minecraft:shield":28,"minecraft:cooked_chicken":2,"minecraft:rotten_flesh":3,"minecraft:dirt":1,"minecraft:crafting_table":3,"minecraft:tuff":1,"minecraft:bread":1,"minecraft:iron_pickaxe":55,"minecraft:stone_axe":34,"minecraft:cobblestone":25,"minecraft:furnace":2,"minecraft:cooked_beef":6,"minecraft:cobbled_deepslate":8},"minecraft:mined":{"minecraft:tuff":1,"minecraft:deepslate_diamond_ore":10,"minecraft:crafting_table":1,"minecraft:short_grass":2,"minecraft:grass_block":2,"minecraft:chest":1,"minecraft:cobblestone":5,"minecraft:sugar_cane":4,"minecraft:diorite":1,"minecraft:spawner":2,"minecraft:furnace":1,"minecraft:iron_ore":14,"minecraft:coal_ore":7,"minecraft:oak_log":6,"minecraft:stone":38,"minecraft:oak_leaves":1,"minecraft:deepslate":39},"minecraft:custom":{"minecraft:interact_with_furnace":12,"minecraft:mob_kills":18,"minecraft:interact_with_crafting_table":7,"minecraft:time_since_death":1051,"minecraft:time_since_rest":1083,"minecraft:sprint_one_cm":111051,"minecraft:damage_taken":882,"minecraft:walk_one_cm":65606,"minecraft:damage_blocked_by_shield":2024,"minecraft:drop":3,"minecraft:damage_dealt":2887,"minecraft:swim_one_cm":502,"minecraft:fly_one_cm":166871,"minecraft:open_chest":8,"minecraft:crouch_one_cm":3060,"minecraft:play_time":26579,"minecraft:deaths":1,"minecraft:sneak_time":1230,"minecraft:walk_under_water_one_cm":4481,"minecraft:jump":835,"minecraft:walk_on_water_one_cm":4383,"minecraft:total_world_time":26579,"minecraft:fall_one_cm":28200},"minecraft:picked_up":{"minecraft:crafting_table":1,"minecraft:feather":3,"minecraft:cooked_beef":1,"minecraft:chicken":2,"minecraft:leather":8,"minecraft:wooden_pickaxe":1,"minecraft:tuff":1,"minecraft:oak_log":6,"minecraft:gunpowder":2,"minecraft:dirt":2,"minecraft:string":6,"minecraft:bone":4,"minecraft:cobbled_deepslate":46,"minecraft:beef":6,"minecraft:sugar_cane":11,"minecraft:chest":1,"minecraft:furnace":1,"minecraft:raw_iron":14,"minecraft:diorite":1,"minecraft:spider_eye":1,"minecraft:arrow":6,"minecraft:rotten_flesh":3,"minecraft:diamond":10,"minecraft:granite":1,"minecraft:coal":13,"minecraft:cobblestone":47},"minecraft:crafted":{"minecraft:cooked_beef":5,"minecraft:oak_planks":24,"minecraft:crafting_table":2,"minecraft:wooden_pickaxe":1,"minecraft:cooked_chicken":2,"minecraft:furnace":2,"minecraft:stone_axe":1,"minecraft:air":0,"minecraft:shield":1,"minecraft:stick":8,"minecraft:iron_ingot":5,"minecraft:iron_pickaxe":1,"minecraft:stone_pickaxe":1},"minecraft:killed":{"minecraft:spider":4,"minecraft:skeleton":6,"minecraft:zombie":2,"minecraft:chicken":2,"minecraft:cow":4}},"DataVersion":3955}