{"stats":{"minecraft:crafted":{"minecraft:oak_door":3,"minecraft:oak_planks":20,"minecraft:cooked_porkchop":2,"minecraft:crafting_table":1,"minecraft:stick":12,"minecraft:wooden_pickaxe":1,"minecraft:stone_pickaxe":1,"minecraft:stone_sword":2,"minecraft:furnace":1,"minecraft:torch":4,"minecraft:birch_planks":32,"minecraft:stone_axe":2,"minecraft:air":0},"minecraft:used":{"minecraft:stone_sword":2,"minecraft:birch_planks":19,"minecraft:stone_pickaxe":39,"minecraft:oak_planks":20,"minecraft:wooden_pickaxe":3,"minecraft:torch":2,"minecraft:oak_door":1,"minecraft:stone_axe":16,"minecraft:dirt":3,"minecraft:cobblestone":11,"minecraft:crafting_table":2,"minecraft:cooked_porkchop":2,"minecraft:furnace":1,"minecraft:porkchop":1},"minecraft:custom":{"minecraft:time_since_rest":14870,"minecraft:interact_with_furnace":4,"minecraft:sprint_one_cm":39137,"minecraft:walk_one_cm":38101,"minecraft:damage_taken":174,"minecraft:mob_kills":1,"minecraft:drop":2,"minecraft:damage_dealt":110,"minecraft:swim_one_cm":8107,"minecraft:interact_with_crafting_table":8,"minecraft:fly_one_cm":29812,"minecraft:crouch_one_cm":4585,"minecraft:play_time":14870,"minecraft:sneak_time":1562,"minecraft:walk_under_water_one_cm":6967,"minecraft:jump":156,"minecraft:leave_game":3,"minecraft:walk_on_water_one_cm":1706,"minecraft:time_since_death":14870,"minecraft:total_world_time":14870,"minecraft:fall_one_cm":3748},"minecraft:killed":{"minecraft:pig":1},"minecraft:mined":{"minecraft:birch_log":8,"minecraft:crafting_table":1,"minecraft:short_grass":1,"minecraft:coal_ore":1,"minecraft:grass_block":1,"minecraft:oak_log":5,"minecraft:dirt":5,"minecraft:cobblestone":1,"minecraft:stone":37,"minecraft:oak_planks":7,"minecraft:oak_leaves":2},"minecraft:picked_up":{"minecraft:birch_log":8,"minecraft:crafting_table":1,"minecraft:wooden_pickaxe":1,"minecraft:porkchop":3,"minecraft:oak_log":5,"minecraft:dirt":6,"minecraft:oak_planks":6,"minecraft:coal":1,"minecraft:cobblestone":38},"minecraft:dropped":{"minecraft:stone_axe":1,"minecraft:stone_sword":1}},"DataVersion":3700}